source,target,rel,type
174,209,0,ipv6
174,701,0,ipv6
174,1299,0,ipv6
174,2914,0,ipv6
174,3257,0,ipv6
174,3320,0,ipv6
174,3356,0,ipv6
174,3491,0,ipv6
174,5511,0,ipv6
174,6453,0,ipv6
174,6461,0,ipv6
174,6762,0,ipv6
174,6830,0,ipv6
174,7018,0,ipv6
174,12956,0,ipv6
209,701,0,ipv6
209,1299,0,ipv6
209,2914,0,ipv6
209,3257,0,ipv6
209,3320,0,ipv6
209,3356,0,ipv6
209,3491,0,ipv6
209,5511,0,ipv6
209,6453,0,ipv6
209,6461,0,ipv6
209,6762,0,ipv6
209,6830,0,ipv6
209,7018,0,ipv6
209,12956,0,ipv6
701,1299,0,ipv6
701,2914,0,ipv6
701,3257,0,ipv6
701,3320,0,ipv6
701,3356,0,ipv6
701,3491,0,ipv6
701,5511,0,ipv6
701,6453,0,ipv6
701,6461,0,ipv6
701,6762,0,ipv6
701,6830,0,ipv6
701,7018,0,ipv6
701,12956,0,ipv6
1299,2914,0,ipv6
1299,3257,0,ipv6
1299,3320,0,ipv6
1299,3356,0,ipv6
1299,3491,0,ipv6
1299,5511,0,ipv6
1299,6453,0,ipv6
1299,6461,0,ipv6
1299,6762,0,ipv6
1299,6830,0,ipv6
1299,7018,0,ipv6
1299,12956,0,ipv6
2914,3257,0,ipv6
2914,3320,0,ipv6
2914,3356,0,ipv6
2914,3491,0,ipv6
2914,5511,0,ipv6
2914,6453,0,ipv6
2914,6461,0,ipv6
2914,6762,0,ipv6
2914,6830,0,ipv6
2914,7018,0,ipv6
2914,12956,0,ipv6
3257,3320,0,ipv6
3257,3356,0,ipv6
3257,3491,0,ipv6
3257,5511,0,ipv6
3257,6453,0,ipv6
3257,6461,0,ipv6
3257,6762,0,ipv6
3257,6830,0,ipv6
3257,7018,0,ipv6
3257,12956,0,ipv6
3320,3356,0,ipv6
3320,3491,0,ipv6
3320,5511,0,ipv6
3320,6453,0,ipv6
3320,6461,0,ipv6
3320,6762,0,ipv6
3320,6830,0,ipv6
3320,7018,0,ipv6
3320,12956,0,ipv6
3356,3491,0,ipv6
3356,5511,0,ipv6
3356,6453,0,ipv6
3356,6461,0,ipv6
3356,6762,0,ipv6
3356,6830,0,ipv6
3356,7018,0,ipv6
3356,12956,0,ipv6
3491,5511,0,ipv6
3491,6453,0,ipv6
3491,6461,0,ipv6
3491,6762,0,ipv6
3491,6830,0,ipv6
3491,7018,0,ipv6
3491,12956,0,ipv6
5511,6453,0,ipv6
5511,6461,0,ipv6
5511,6762,0,ipv6
5511,6830,0,ipv6
5511,7018,0,ipv6
5511,12956,0,ipv6
6453,6461,0,ipv6
6453,6762,0,ipv6
6453,6830,0,ipv6
6453,7018,0,ipv6
6453,12956,0,ipv6
6461,6762,0,ipv6
6461,6830,0,ipv6
6461,7018,0,ipv6
6461,12956,0,ipv6
6762,6830,0,ipv6
6762,7018,0,ipv6
6762,12956,0,ipv6
6830,7018,0,ipv6
6830,12956,0,ipv6
7018,12956,0,ipv6
3356,6939,-1,ipv6
1299,6939,-1,ipv6
3491,6939,-1,ipv6
174,137409,-1,ipv6
3356,137409,-1,ipv6
6461,137409,-1,ipv6
2914,137409,-1,ipv6
174,37468,-1,ipv6
3356,37468,-1,ipv6
1299,37468,-1,ipv6
3257,37468,-1,ipv6
2914,37468,-1,ipv6
6453,37468,-1,ipv6
12956,37468,-1,ipv6
174,7195,-1,ipv6
3356,7195,-1,ipv6
1299,7195,-1,ipv6
3257,7195,-1,ipv6
174,37100,-1,ipv6
3356,37100,-1,ipv6
1299,37100,-1,ipv6
3257,37100,-1,ipv6
2914,37100,-1,ipv6
6762,37100,-1,ipv6
6453,37100,-1,ipv6
174,4455,-1,ipv6
1299,4455,-1,ipv6
6453,4455,-1,ipv6
3356,33891,-1,ipv6
1299,33891,-1,ipv6
3257,33891,-1,ipv6
3320,33891,-1,ipv6
174,20485,-1,ipv6
1299,20485,-1,ipv6
3491,20485,-1,ipv6
6762,20485,-1,ipv6
3356,8220,-1,ipv6
1299,8220,-1,ipv6
2914,8220,-1,ipv6
6453,8220,-1,ipv6
174,20764,-1,ipv6
3356,20764,-1,ipv6
6939,20764,-1,ipv6
20485,20764,-1,ipv6
3356,9002,-1,ipv6
1299,5405,-1,ipv6
3257,5405,-1,ipv6
2914,5405,-1,ipv6
3320,5405,-1,ipv6
174,52320,-1,ipv6
3356,52320,-1,ipv6
6461,52320,-1,ipv6
1299,52320,-1,ipv6
2914,52320,-1,ipv6
12956,52320,-1,ipv6
6939,52320,-1,ipv6
7195,52320,-1,ipv6
174,3216,-1,ipv6
3356,3216,-1,ipv6
1299,3216,-1,ipv6
6762,3216,-1,ipv6
6453,3216,-1,ipv6
174,12389,-1,ipv6
1299,12389,-1,ipv6
3257,12389,-1,ipv6
3491,12389,-1,ipv6
6762,12389,-1,ipv6
5511,12389,-1,ipv6
6939,12389,-1,ipv6
3356,4826,-1,ipv6
1299,4826,-1,ipv6
3257,4826,-1,ipv6
3491,4826,-1,ipv6
6939,4826,-1,ipv6
174,9498,-1,ipv6
6461,9498,-1,ipv6
1299,9498,-1,ipv6
3257,9498,-1,ipv6
2914,9498,-1,ipv6
3491,9498,-1,ipv6
6762,9498,-1,ipv6
6453,9498,-1,ipv6
4826,9498,-1,ipv6
174,3303,-1,ipv6
3356,3303,-1,ipv6
3320,3303,-1,ipv6
6939,3303,-1,ipv6
174,13335,-1,ipv6
3356,13335,-1,ipv6
1299,13335,-1,ipv6
3257,13335,-1,ipv6
2914,13335,-1,ipv6
6762,13335,-1,ipv6
6453,13335,-1,ipv6
5511,13335,-1,ipv6
12956,13335,-1,ipv6
37468,13335,-1,ipv6
37100,13335,-1,ipv6
3216,13335,-1,ipv6
12389,13335,-1,ipv6
4826,13335,-1,ipv6
9498,13335,-1,ipv6
3356,46887,-1,ipv6
6461,46887,-1,ipv6
1299,46887,-1,ipv6
3257,46887,-1,ipv6
3356,8359,-1,ipv6
1299,8359,-1,ipv6
12389,8359,-1,ipv6
3356,32787,-1,ipv6
6461,32787,-1,ipv6
1299,32787,-1,ipv6
2914,32787,-1,ipv6
3491,32787,-1,ipv6
6762,32787,-1,ipv6
6453,32787,-1,ipv6
33891,32787,-1,ipv6
4826,32787,-1,ipv6
9498,32787,-1,ipv6
174,15830,-1,ipv6
3356,15830,-1,ipv6
1299,15830,-1,ipv6
3257,15830,-1,ipv6
2914,15830,-1,ipv6
3491,15830,-1,ipv6
6762,15830,-1,ipv6
12956,15830,-1,ipv6
4826,15830,-1,ipv6
9498,15830,-1,ipv6
13335,15830,-1,ipv6
3356,41095,-1,ipv6
3491,41095,-1,ipv6
6762,41095,-1,ipv6
137409,41095,-1,ipv6
174,31133,-1,ipv6
1299,31133,-1,ipv6
6762,31133,-1,ipv6
174,58453,-1,ipv6
3356,58453,-1,ipv6
1299,58453,-1,ipv6
3257,58453,-1,ipv6
2914,58453,-1,ipv6
701,58453,-1,ipv6
4826,58453,-1,ipv6
174,16735,-1,ipv6
3356,16735,-1,ipv6
6762,16735,-1,ipv6
3491,22356,-1,ipv6
6453,22356,-1,ipv6
6453,4755,-1,ipv6
174,23764,-1,ipv6
3356,23764,-1,ipv6
1299,23764,-1,ipv6
3257,23764,-1,ipv6
2914,23764,-1,ipv6
3491,23764,-1,ipv6
3320,23764,-1,ipv6
6762,23764,-1,ipv6
6453,23764,-1,ipv6
12956,23764,-1,ipv6
6939,23764,-1,ipv6
37100,23764,-1,ipv6
174,9304,-1,ipv6
3257,9304,-1,ipv6
2914,9304,-1,ipv6
6762,9304,-1,ipv6
6453,9304,-1,ipv6
5511,9304,-1,ipv6
9002,9304,-1,ipv6
9498,9304,-1,ipv6
32787,9304,-1,ipv6
3356,4637,-1,ipv6
6461,4637,-1,ipv6
1299,4637,-1,ipv6
4826,4637,-1,ipv6
174,7713,-1,ipv6
3356,7713,-1,ipv6
1299,7713,-1,ipv6
3257,7713,-1,ipv6
2914,7713,-1,ipv6
701,7713,-1,ipv6
6762,7713,-1,ipv6
6453,7713,-1,ipv6
3257,28917,-1,ipv6
174,12741,-1,ipv6
3356,12741,-1,ipv6
174,4766,-1,ipv6
3356,4766,-1,ipv6
1299,4766,-1,ipv6
701,4766,-1,ipv6
6939,4766,-1,ipv6
174,13786,-1,ipv6
3356,13786,-1,ipv6
2914,13786,-1,ipv6
7195,13786,-1,ipv6
174,15412,-1,ipv6
1299,15412,-1,ipv6
2914,15412,-1,ipv6
6762,15412,-1,ipv6
9498,15412,-1,ipv6
174,4230,-1,ipv6
3356,4230,-1,ipv6
1299,4230,-1,ipv6
3257,4230,-1,ipv6
701,4230,-1,ipv6
6762,4230,-1,ipv6
6453,4230,-1,ipv6
174,14840,-1,ipv6
3356,14840,-1,ipv6
1299,14840,-1,ipv6
6762,14840,-1,ipv6
1299,9049,-1,ipv6
20485,9049,-1,ipv6
9002,9049,-1,ipv6
12389,9049,-1,ipv6
174,58717,-1,ipv6
2914,58717,-1,ipv6
6762,58717,-1,ipv6
6453,58717,-1,ipv6
6939,58717,-1,ipv6
9002,58717,-1,ipv6
9498,58717,-1,ipv6
58453,58717,-1,ipv6
3356,57304,-1,ipv6
9002,57304,-1,ipv6
3356,3549,-1,ipv6
174,52468,-1,ipv6
3356,52468,-1,ipv6
1299,52468,-1,ipv6
6762,52468,-1,ipv6
5511,52468,-1,ipv6
12956,52468,-1,ipv6
7195,52468,-1,ipv6
52320,52468,-1,ipv6
22356,52468,-1,ipv6
3549,52468,-1,ipv6
174,61568,-1,ipv6
6762,61568,-1,ipv6
37468,61568,-1,ipv6
174,35598,-1,ipv6
1299,35598,-1,ipv6
6939,35598,-1,ipv6
3216,35598,-1,ipv6
31133,35598,-1,ipv6
174,7545,-1,ipv6
1299,7545,-1,ipv6
6453,7545,-1,ipv6
174,262589,-1,ipv6
1299,262589,-1,ipv6
6762,262589,-1,ipv6
6453,262589,-1,ipv6
12956,262589,-1,ipv6
37468,262589,-1,ipv6
174,53062,-1,ipv6
3356,53062,-1,ipv6
6762,53062,-1,ipv6
37468,53062,-1,ipv6
7195,53062,-1,ipv6
52320,53062,-1,ipv6
16735,53062,-1,ipv6
52468,53062,-1,ipv6
262589,53062,-1,ipv6
2914,24482,-1,ipv6
3491,24482,-1,ipv6
6453,24482,-1,ipv6
174,20495,-1,ipv6
3356,3223,-1,ipv6
1299,3223,-1,ipv6
2914,3223,-1,ipv6
3491,3223,-1,ipv6
6762,3223,-1,ipv6
12956,3223,-1,ipv6
3356,61832,-1,ipv6
12956,61832,-1,ipv6
37468,61832,-1,ipv6
52320,61832,-1,ipv6
13786,61832,-1,ipv6
174,9583,-1,ipv6
1299,9583,-1,ipv6
2914,9583,-1,ipv6
3320,9583,-1,ipv6
6453,9583,-1,ipv6
4755,9583,-1,ipv6
3356,31500,-1,ipv6
6762,31500,-1,ipv6
174,1031,-1,ipv6
6453,1031,-1,ipv6
14840,1031,-1,ipv6
174,53013,-1,ipv6
3356,53013,-1,ipv6
6762,53013,-1,ipv6
6453,53013,-1,ipv6
12956,10429,-1,ipv6
22356,10429,-1,ipv6
174,2497,-1,ipv6
3356,2497,-1,ipv6
2914,2497,-1,ipv6
701,2497,-1,ipv6
5511,2497,-1,ipv6
3356,9121,-1,ipv6
1299,9121,-1,ipv6
2914,9121,-1,ipv6
3320,9121,-1,ipv6
4826,1221,-1,ipv6
4637,1221,-1,ipv6
174,267613,-1,ipv6
3356,267613,-1,ipv6
1299,267613,-1,ipv6
2914,267613,-1,ipv6
6762,267613,-1,ipv6
52320,267613,-1,ipv6
10429,267613,-1,ipv6
6461,7473,-1,ipv6
1299,7473,-1,ipv6
6453,7473,-1,ipv6
8220,7473,-1,ipv6
1299,29076,-1,ipv6
3216,29076,-1,ipv6
12389,29076,-1,ipv6
8359,29076,-1,ipv6
174,1273,-1,ipv6
3356,1273,-1,ipv6
1299,1273,-1,ipv6
701,1273,-1,ipv6
174,50509,-1,ipv6
6762,50509,-1,ipv6
6939,50509,-1,ipv6
20485,50509,-1,ipv6
3216,50509,-1,ipv6
12389,50509,-1,ipv6
3356,34984,-1,ipv6
3257,34984,-1,ipv6
6762,34984,-1,ipv6
6453,34984,-1,ipv6
174,264409,-1,ipv6
3356,264409,-1,ipv6
3257,264409,-1,ipv6
6762,264409,-1,ipv6
13786,264409,-1,ipv6
1221,7474,-1,ipv6
7473,7474,-1,ipv6
174,8529,-1,ipv6
3320,8529,-1,ipv6
6762,8529,-1,ipv6
6453,8529,-1,ipv6
6939,8529,-1,ipv6
137409,8529,-1,ipv6
58453,8529,-1,ipv6
4637,8529,-1,ipv6
3356,7922,-1,ipv6
174,23520,-1,ipv6
1299,23520,-1,ipv6
3491,23520,-1,ipv6
6762,23520,-1,ipv6
6830,23520,-1,ipv6
6762,7738,-1,ipv6
52320,7738,-1,ipv6
174,64049,-1,ipv6
3356,64049,-1,ipv6
1299,64049,-1,ipv6
2914,64049,-1,ipv6
9498,64049,-1,ipv6
4637,64049,-1,ipv6
64049,55836,-1,ipv6
6762,26615,-1,ipv6
2914,132602,-1,ipv6
5511,132602,-1,ipv6
9002,132602,-1,ipv6
58453,132602,-1,ipv6
3356,7843,-1,ipv6
1299,7843,-1,ipv6
3257,7843,-1,ipv6
701,7843,-1,ipv6
6939,7843,-1,ipv6
3491,328578,-1,ipv6
6939,328578,-1,ipv6
55836,9583,-1,ipv6
9121,3216,-1,ipv6
23520,52468,-1,ipv6
7473,9498,-1,ipv6
7473,9304,-1,ipv6
53013,52468,-1,ipv6
1273,3216,-1,ipv6
7473,9583,-1,ipv6
1273,31500,-1,ipv6
15412,9304,-1,ipv6
12389,20764,-1,ipv6
1031,61568,-1,ipv6
264409,61832,-1,ipv6
1221,15830,-1,ipv6
7473,58717,-1,ipv6
1273,12389,-1,ipv6
4755,15830,-1,ipv6
10429,52468,-1,ipv6
4826,8220,-1,ipv6
2497,15830,-1,ipv6
4637,15830,-1,ipv6
262589,22356,-1,ipv6
7474,15830,-1,ipv6
34984,15830,-1,ipv6
55836,13335,-1,ipv6
7474,137409,-1,ipv6
1273,32787,-1,ipv6
1221,13335,-1,ipv6
267613,13335,-1,ipv6
10429,13335,-1,ipv6
7738,4230,-1,ipv6
4230,61832,-1,ipv6
14840,13335,-1,ipv6
3549,15830,-1,ipv6
4755,32787,-1,ipv6
52468,13335,-1,ipv6
53062,13335,-1,ipv6
16735,13335,-1,ipv6
1221,32787,-1,ipv6
58717,13335,-1,ipv6
1273,9304,-1,ipv6
328578,13335,-1,ipv6
4637,9498,-1,ipv6
8529,13335,-1,ipv6
132602,13335,-1,ipv6
22356,16735,-1,ipv6
7474,32787,-1,ipv6
7738,16735,-1,ipv6
16735,53013,-1,ipv6
23764,37468,-1,ipv6
264409,262589,-1,ipv6
4755,13335,-1,ipv6
267613,53062,-1,ipv6
7545,8220,-1,ipv6
262589,13335,-1,ipv6
10429,61568,-1,ipv6
23764,31133,-1,ipv6
10429,1031,-1,ipv6
26615,23764,-1,ipv6
4637,32787,-1,ipv6
7660,11537,-1,ipv6
7660,8359,-1,ipv6
7660,7713,-1,ipv6
7660,24482,-1,ipv6
4637,13335,-1,ipv6
4766,9304,-1,ipv6
7660,41095,-1,ipv6
4826,137409,-1,ipv6
3356,20485,-1,ipv6
5511,7922,-1,ipv6
6939,15412,-1,ipv6
6939,132602,-1,ipv6
6939,23520,-1,ipv6
4455,31133,-1,ipv6
4455,9583,-1,ipv6
20485,23764,-1,ipv6
52320,13786,-1,ipv6
3216,31500,-1,ipv6
3216,28917,-1,ipv6
12389,31500,-1,ipv6
8359,28917,-1,ipv6
31133,31500,-1,ipv6
58453,23764,-1,ipv6
20495,3223,-1,ipv6
20495,64049,-1,ipv6
20495,50509,-1,ipv6
20495,31500,-1,ipv6
3303,8220,0,ipv6
3303,16735,0,ipv6
3303,24482,0,ipv6
3303,2497,0,ipv6
3303,7738,0,ipv6
3303,6453,0,ipv6
3303,8359,0,ipv6
3303,1273,0,ipv6
3303,20764,0,ipv6
3303,4826,0,ipv6
3303,9304,0,ipv6
3303,4637,0,ipv6
3303,61568,0,ipv6
3303,2914,0,ipv6
3303,6830,0,ipv6
3303,9121,0,ipv6
3303,37468,0,ipv6
3303,52320,0,ipv6
3303,32787,0,ipv6
3303,4230,0,ipv6
3303,41095,0,ipv6
3303,58453,0,ipv6
3303,31500,0,ipv6
3303,14840,0,ipv6
3303,31133,0,ipv6
3303,3216,0,ipv6
3303,9002,0,ipv6
3303,262589,0,ipv6
3303,23764,0,ipv6
3303,23520,0,ipv6
3303,7473,0,ipv6
3303,20485,0,ipv6
3303,7195,0,ipv6
3303,11164,0,ipv6
3303,6762,0,ipv6
3303,9498,0,ipv6
3303,12389,0,ipv6
3303,5405,0,ipv6
3303,64049,0,ipv6
3303,22356,0,ipv6
3303,12741,0,ipv6
3303,20495,0,ipv6
3303,8529,0,ipv6
3303,267613,0,ipv6
3303,13786,0,ipv6
3303,28917,0,ipv6
3303,3257,0,ipv6
3303,35598,0,ipv6
3303,137409,0,ipv6
3303,37100,0,ipv6
3303,15830,0,ipv6
3303,6461,0,ipv6
3303,7713,0,ipv6
3303,4766,0,ipv6
3303,15412,0,ipv6
3303,12956,0,ipv6
3303,3491,0,ipv6
3223,9304,0,ipv6
3223,20485,0,ipv6
3223,4637,0,ipv6
3223,4455,0,ipv6
3223,7922,0,ipv6
3223,23764,0,ipv6
3223,20764,0,ipv6
3223,4826,0,ipv6
3223,15412,0,ipv6
3223,9002,0,ipv6
3223,22356,0,ipv6
3223,8359,0,ipv6
3223,7713,0,ipv6
3223,5511,0,ipv6
3223,3216,0,ipv6
3223,35598,0,ipv6
3223,137409,0,ipv6
3223,37100,0,ipv6
3223,6939,0,ipv6
3223,16735,0,ipv6
3223,24482,0,ipv6
3223,5405,0,ipv6
3223,31133,0,ipv6
3223,13786,0,ipv6
3223,28917,0,ipv6
3223,37468,0,ipv6
3223,52320,0,ipv6
3223,4230,0,ipv6
3223,41095,0,ipv6
3223,58453,0,ipv6
3223,61568,0,ipv6
3223,1031,0,ipv6
3223,33891,0,ipv6
3223,7195,0,ipv6
3223,8220,0,ipv6
3223,9121,0,ipv6
328578,58453,0,ipv6
32787,9002,0,ipv6
32787,7713,0,ipv6
32787,3216,0,ipv6
32787,3320,0,ipv6
32787,7473,0,ipv6
32787,20485,0,ipv6
32787,4455,0,ipv6
32787,12956,0,ipv6
32787,15412,0,ipv6
32787,37468,0,ipv6
32787,4230,0,ipv6
32787,52320,0,ipv6
32787,41095,0,ipv6
32787,58453,0,ipv6
32787,1031,0,ipv6
32787,61568,0,ipv6
32787,267613,0,ipv6
32787,6830,0,ipv6
32787,7660,0,ipv6
32787,137409,0,ipv6
32787,35598,0,ipv6
32787,37100,0,ipv6
32787,28917,0,ipv6
32787,13786,0,ipv6
32787,31133,0,ipv6
32787,8359,0,ipv6
32787,5511,0,ipv6
32787,20764,0,ipv6
32787,7018,0,ipv6
32787,8220,0,ipv6
32787,11164,0,ipv6
32787,7195,0,ipv6
32787,16735,0,ipv6
32787,6939,0,ipv6
32787,5405,0,ipv6
32787,24482,0,ipv6
50509,5405,0,ipv6
50509,31133,0,ipv6
50509,24482,0,ipv6
50509,28917,0,ipv6
50509,37100,0,ipv6
50509,35598,0,ipv6
50509,137409,0,ipv6
50509,61568,0,ipv6
50509,7195,0,ipv6
50509,37468,0,ipv6
50509,9049,0,ipv6
50509,20764,0,ipv6
50509,7713,0,ipv6
7473,3491,0,ipv6
7473,3356,0,ipv6
7473,4637,0,ipv6
7473,4766,0,ipv6
7473,1273,0,ipv6
7473,23764,0,ipv6
7473,7922,0,ipv6
7473,15412,0,ipv6
7473,9002,0,ipv6
7473,8359,0,ipv6
7473,7843,0,ipv6
7473,7713,0,ipv6
7473,3320,0,ipv6
7473,2497,0,ipv6
7473,13335,0,ipv6
7473,12389,0,ipv6
7473,6939,0,ipv6
7473,6762,0,ipv6
7473,41095,0,ipv6
7473,58453,0,ipv6
7473,2914,0,ipv6
7473,7660,0,ipv6
7473,33891,0,ipv6
9002,8220,0,ipv6
9002,1299,0,ipv6
9002,4455,0,ipv6
9002,23764,0,ipv6
9002,41095,0,ipv6
9002,6830,0,ipv6
9002,9121,0,ipv6
9002,13335,0,ipv6
9002,64049,0,ipv6
9002,6762,0,ipv6
9002,9498,0,ipv6
9002,7195,0,ipv6
9002,12389,0,ipv6
9002,6461,0,ipv6
9002,3320,0,ipv6
9002,15830,0,ipv6
9002,3491,0,ipv6
9002,4766,0,ipv6
9002,3257,0,ipv6
9002,13786,0,ipv6
9002,8359,0,ipv6
9002,6453,0,ipv6
9002,4637,0,ipv6
9002,1273,0,ipv6
9002,4826,0,ipv6
9002,24482,0,ipv6
9002,3216,0,ipv6
9002,20485,0,ipv6
9002,7545,0,ipv6
9002,37468,0,ipv6
9002,52320,0,ipv6
9002,4230,0,ipv6
9002,58453,0,ipv6
9002,31133,0,ipv6
9002,5511,0,ipv6
9002,8529,0,ipv6
9002,6939,0,ipv6
9002,7713,0,ipv6
9002,12956,0,ipv6
9002,9583,0,ipv6
9002,7660,0,ipv6
9002,137409,0,ipv6
9002,37100,0,ipv6
12741,13786,0,ipv6
12741,28917,0,ipv6
12741,37100,0,ipv6
12741,137409,0,ipv6
12741,35598,0,ipv6
12741,33891,0,ipv6
12741,61568,0,ipv6
12741,41095,0,ipv6
12741,52320,0,ipv6
12741,37468,0,ipv6
12741,15412,0,ipv6
12741,4455,0,ipv6
12741,20485,0,ipv6
12741,3216,0,ipv6
12741,7713,0,ipv6
12741,6461,0,ipv6
12741,24482,0,ipv6
12741,5405,0,ipv6
12741,6939,0,ipv6
12741,7195,0,ipv6
12741,8220,0,ipv6
12741,20764,0,ipv6
12741,20495,0,ipv6
12741,9304,0,ipv6
9049,31500,0,ipv6
9049,28917,0,ipv6
9049,35598,0,ipv6
9049,57304,0,ipv6
9049,3216,0,ipv6
9049,6939,0,ipv6
9049,24482,0,ipv6
9049,7195,0,ipv6
9049,20764,0,ipv6
7738,26615,0,ipv6
7738,23520,0,ipv6
7738,13786,0,ipv6
7738,6939,0,ipv6
7738,2497,0,ipv6
7738,3356,0,ipv6
7738,7195,0,ipv6
7738,10429,0,ipv6
7738,41095,0,ipv6
7738,7843,0,ipv6
7738,22356,0,ipv6
7738,8359,0,ipv6
7738,262589,0,ipv6
31500,24482,0,ipv6
31500,5405,0,ipv6
31500,28917,0,ipv6
31500,6939,0,ipv6
31500,37100,0,ipv6
31500,35598,0,ipv6
31500,137409,0,ipv6
31500,33891,0,ipv6
31500,7195,0,ipv6
31500,8220,0,ipv6
31500,61568,0,ipv6
31500,1031,0,ipv6
31500,52320,0,ipv6
31500,37468,0,ipv6
31500,4455,0,ipv6
31500,20764,0,ipv6
31500,4637,0,ipv6
31500,9304,0,ipv6
31500,7713,0,ipv6
31500,8359,0,ipv6
31500,6461,0,ipv6
41095,4637,0,ipv6
41095,9304,0,ipv6
41095,53013,0,ipv6
41095,1273,0,ipv6
41095,22356,0,ipv6
41095,8359,0,ipv6
41095,7843,0,ipv6
41095,64049,0,ipv6
41095,2497,0,ipv6
41095,24482,0,ipv6
41095,6939,0,ipv6
41095,16735,0,ipv6
41095,61832,0,ipv6
41095,8220,0,ipv6
41095,53062,0,ipv6
41095,15412,0,ipv6
41095,23764,0,ipv6
41095,7713,0,ipv6
41095,262589,0,ipv6
41095,6461,0,ipv6
41095,3216,0,ipv6
41095,37100,0,ipv6
41095,13335,0,ipv6
41095,31133,0,ipv6
41095,28917,0,ipv6
41095,13786,0,ipv6
41095,14840,0,ipv6
41095,58453,0,ipv6
41095,52320,0,ipv6
41095,4230,0,ipv6
41095,7545,0,ipv6
41095,37468,0,ipv6
41095,9121,0,ipv6
41095,6830,0,ipv6
41095,33891,0,ipv6
41095,267613,0,ipv6
41095,61568,0,ipv6
137409,33891,0,ipv6
137409,15412,0,ipv6
137409,4766,0,ipv6
137409,52468,0,ipv6
137409,5405,0,ipv6
137409,64049,0,ipv6
137409,22356,0,ipv6
137409,1031,0,ipv6
137409,4455,0,ipv6
137409,23764,0,ipv6
137409,262589,0,ipv6
137409,7713,0,ipv6
137409,58717,0,ipv6
137409,58453,0,ipv6
137409,24482,0,ipv6
137409,20764,0,ipv6
137409,13786,0,ipv6
137409,28917,0,ipv6
137409,35598,0,ipv6
137409,267613,0,ipv6
137409,15830,0,ipv6
137409,7195,0,ipv6
137409,9498,0,ipv6
137409,20495,0,ipv6
137409,13335,0,ipv6
137409,6830,0,ipv6
137409,61568,0,ipv6
137409,16735,0,ipv6
137409,8220,0,ipv6
137409,61832,0,ipv6
137409,9304,0,ipv6
137409,132602,0,ipv6
137409,37100,0,ipv6
137409,9583,0,ipv6
137409,7660,0,ipv6
137409,29076,0,ipv6
137409,6939,0,ipv6
137409,31133,0,ipv6
137409,14840,0,ipv6
137409,37468,0,ipv6
137409,52320,0,ipv6
137409,4230,0,ipv6
137409,20485,0,ipv6
137409,3216,0,ipv6
137409,264409,0,ipv6
137409,4637,0,ipv6
137409,8359,0,ipv6
137409,7843,0,ipv6
53013,7195,0,ipv6
53013,267613,0,ipv6
53013,61568,0,ipv6
53013,52320,0,ipv6
53013,24482,0,ipv6
53013,6939,0,ipv6
52320,264409,0,ipv6
52320,16735,0,ipv6
52320,24482,0,ipv6
52320,10429,0,ipv6
52320,8220,0,ipv6
52320,9304,0,ipv6
52320,4637,0,ipv6
52320,20764,0,ipv6
52320,4826,0,ipv6
52320,8359,0,ipv6
52320,7843,0,ipv6
52320,13335,0,ipv6
52320,14840,0,ipv6
52320,31133,0,ipv6
52320,4230,0,ipv6
52320,37468,0,ipv6
52320,58453,0,ipv6
52320,61568,0,ipv6
52320,1031,0,ipv6
52320,9121,0,ipv6
52320,20485,0,ipv6
52320,23520,0,ipv6
52320,23764,0,ipv6
52320,4455,0,ipv6
52320,26615,0,ipv6
52320,262589,0,ipv6
52320,3216,0,ipv6
52320,12389,0,ipv6
52320,5405,0,ipv6
52320,9498,0,ipv6
52320,58717,0,ipv6
52320,20495,0,ipv6
52320,8529,0,ipv6
52320,22356,0,ipv6
52320,64049,0,ipv6
52320,37100,0,ipv6
52320,35598,0,ipv6
52320,28917,0,ipv6
52320,9583,0,ipv6
52320,33891,0,ipv6
52320,4766,0,ipv6
52320,29076,0,ipv6
52320,7713,0,ipv6
52320,15830,0,ipv6
24482,4826,0,ipv6
24482,4637,0,ipv6
24482,31133,0,ipv6
24482,20485,0,ipv6
24482,8529,0,ipv6
24482,37100,0,ipv6
24482,29076,0,ipv6
24482,8220,0,ipv6
24482,61568,0,ipv6
24482,7195,0,ipv6
24482,53062,0,ipv6
24482,20495,0,ipv6
24482,13786,0,ipv6
24482,35598,0,ipv6
24482,58453,0,ipv6
24482,58717,0,ipv6
24482,262589,0,ipv6
24482,64049,0,ipv6
24482,22356,0,ipv6
24482,15412,0,ipv6
24482,52468,0,ipv6
24482,264409,0,ipv6
24482,8359,0,ipv6
24482,14840,0,ipv6
24482,4230,0,ipv6
24482,7545,0,ipv6
24482,37468,0,ipv6
24482,3216,0,ipv6
24482,6939,0,ipv6
24482,132602,0,ipv6
24482,9583,0,ipv6
24482,16735,0,ipv6
24482,61832,0,ipv6
24482,9304,0,ipv6
24482,13335,0,ipv6
24482,9498,0,ipv6
24482,28917,0,ipv6
24482,267613,0,ipv6
24482,15830,0,ipv6
24482,20764,0,ipv6
24482,7713,0,ipv6
24482,1031,0,ipv6
24482,23764,0,ipv6
24482,4455,0,ipv6
24482,5405,0,ipv6
24482,12389,0,ipv6
24482,33891,0,ipv6
24482,6461,0,ipv6
2914,7922,0,ipv6
2914,4766,0,ipv6
2914,1273,0,ipv6
2914,4637,0,ipv6
2914,4455,0,ipv6
13335,9304,0,ipv6
13335,1273,0,ipv6
13335,20764,0,ipv6
13335,8359,0,ipv6
13335,2497,0,ipv6
13335,8220,0,ipv6
13335,20485,0,ipv6
13335,26615,0,ipv6
13335,4455,0,ipv6
13335,23764,0,ipv6
13335,4230,0,ipv6
13335,701,0,ipv6
13335,7545,0,ipv6
13335,58453,0,ipv6
13335,1031,0,ipv6
13335,61568,0,ipv6
13335,6830,0,ipv6
13335,7922,0,ipv6
13335,6939,0,ipv6
13335,5405,0,ipv6
13335,7018,0,ipv6
13335,7195,0,ipv6
13335,11164,0,ipv6
13335,3491,0,ipv6
13335,15412,0,ipv6
13335,6461,0,ipv6
13335,7713,0,ipv6
13335,35598,0,ipv6
13335,13786,0,ipv6
13335,28917,0,ipv6
13335,33891,0,ipv6
13335,9583,0,ipv6
13335,7660,0,ipv6
8359,2497,0,ipv6
8359,6939,0,ipv6
8359,16735,0,ipv6
8359,264409,0,ipv6
8359,5405,0,ipv6
8359,9498,0,ipv6
8359,7195,0,ipv6
8359,8220,0,ipv6
8359,9304,0,ipv6
8359,4637,0,ipv6
8359,20495,0,ipv6
8359,20764,0,ipv6
8359,22356,0,ipv6
8359,64049,0,ipv6
8359,37100,0,ipv6
8359,14840,0,ipv6
8359,13786,0,ipv6
8359,31133,0,ipv6
8359,37468,0,ipv6
8359,7545,0,ipv6
8359,4230,0,ipv6
8359,57304,0,ipv6
8359,58453,0,ipv6
8359,1031,0,ipv6
8359,267613,0,ipv6
8359,33891,0,ipv6
8359,9121,0,ipv6
8359,3491,0,ipv6
8359,20485,0,ipv6
8359,4766,0,ipv6
8359,4455,0,ipv6
8359,23764,0,ipv6
8359,15412,0,ipv6
8359,6461,0,ipv6
8359,262589,0,ipv6
8359,7713,0,ipv6
8359,3216,0,ipv6
8359,15830,0,ipv6
23520,7195,0,ipv6
23520,262589,0,ipv6
23520,16735,0,ipv6
23520,12956,0,ipv6
23520,3356,0,ipv6
3257,4637,0,ipv6
3257,1273,0,ipv6
3257,2497,0,ipv6
3257,7922,0,ipv6
3257,4766,0,ipv6
3257,57304,0,ipv6
23764,9121,0,ipv6
23764,7660,0,ipv6
23764,33891,0,ipv6
23764,267613,0,ipv6
23764,61568,0,ipv6
23764,1031,0,ipv6
23764,13786,0,ipv6
23764,28917,0,ipv6
23764,132602,0,ipv6
23764,35598,0,ipv6
23764,3216,0,ipv6
23764,7713,0,ipv6
23764,6461,0,ipv6
23764,4455,0,ipv6
23764,4766,0,ipv6
23764,7195,0,ipv6
23764,8220,0,ipv6
23764,9498,0,ipv6
23764,5405,0,ipv6
23764,12389,0,ipv6
23764,22356,0,ipv6
23764,20764,0,ipv6
23764,4826,0,ipv6
23764,20495,0,ipv6
23764,4637,0,ipv6
23764,9304,0,ipv6
1031,13786,0,ipv6
1031,37100,0,ipv6
1031,35598,0,ipv6
1031,9583,0,ipv6
1031,33891,0,ipv6
1031,267613,0,ipv6
1031,58453,0,ipv6
1031,4230,0,ipv6
1031,37468,0,ipv6
1031,4455,0,ipv6
1031,15830,0,ipv6
1031,3216,0,ipv6
1031,262589,0,ipv6
1031,6461,0,ipv6
1031,5405,0,ipv6
1031,264409,0,ipv6
1031,6939,0,ipv6
1031,16735,0,ipv6
1031,7195,0,ipv6
1031,9498,0,ipv6
1031,4826,0,ipv6
1031,20764,0,ipv6
1031,8529,0,ipv6
1031,9304,0,ipv6
1031,64049,0,ipv6
1031,22356,0,ipv6
7195,5405,0,ipv6
7195,9498,0,ipv6
7195,22356,0,ipv6
7195,64049,0,ipv6
7195,35598,0,ipv6
7195,28917,0,ipv6
7195,57304,0,ipv6
7195,33891,0,ipv6
7195,267613,0,ipv6
7195,15412,0,ipv6
7195,3549,0,ipv6
7195,15830,0,ipv6
7195,16735,0,ipv6
7195,10429,0,ipv6
7195,8220,0,ipv6
7195,9304,0,ipv6
7195,6830,0,ipv6
7195,61568,0,ipv6
7195,26615,0,ipv6
7195,4455,0,ipv6
7195,262589,0,ipv6
7195,6939,0,ipv6
7195,58717,0,ipv6
7195,8529,0,ipv6
7195,37100,0,ipv6
7195,9583,0,ipv6
7195,29076,0,ipv6
7195,7713,0,ipv6
7195,4826,0,ipv6
7195,20764,0,ipv6
7195,31133,0,ipv6
7195,14840,0,ipv6
7195,58453,0,ipv6
7195,37468,0,ipv6
7195,4230,0,ipv6
7195,20485,0,ipv6
7195,3216,0,ipv6
1221,3356,0,ipv6
8529,4826,0,ipv6
8529,20764,0,ipv6
8529,4455,0,ipv6
8529,28917,0,ipv6
8529,5405,0,ipv6
8529,2497,0,ipv6
8529,9304,0,ipv6
8529,35598,0,ipv6
8529,37100,0,ipv6
8529,20485,0,ipv6
8529,3216,0,ipv6
8529,61568,0,ipv6
8529,64049,0,ipv6
8529,8220,0,ipv6
8529,33891,0,ipv6
8529,6461,0,ipv6
8529,37468,0,ipv6
8529,7713,0,ipv6
55836,4755,0,ipv6
3491,7713,0,ipv6
3491,4766,0,ipv6
3491,15412,0,ipv6
3491,7660,0,ipv6
3491,37468,0,ipv6
3491,58453,0,ipv6
3491,7843,0,ipv6
3491,1273,0,ipv6
3491,7922,0,ipv6
3491,9304,0,ipv6
3491,4637,0,ipv6
3491,11164,0,ipv6
3491,8220,0,ipv6
3491,2497,0,ipv6
701,4637,0,ipv6
701,6939,0,ipv6
701,7922,0,ipv6
33891,8220,0,ipv6
33891,61832,0,ipv6
33891,264409,0,ipv6
33891,1273,0,ipv6
33891,20764,0,ipv6
33891,4826,0,ipv6
33891,9304,0,ipv6
33891,4637,0,ipv6
33891,61568,0,ipv6
33891,6830,0,ipv6
33891,9121,0,ipv6
33891,7545,0,ipv6
33891,37468,0,ipv6
33891,4230,0,ipv6
33891,58453,0,ipv6
33891,14840,0,ipv6
33891,31133,0,ipv6
33891,3216,0,ipv6
33891,262589,0,ipv6
33891,4455,0,ipv6
33891,20485,0,ipv6
33891,9498,0,ipv6
33891,12389,0,ipv6
33891,6939,0,ipv6
33891,5405,0,ipv6
33891,64049,0,ipv6
33891,22356,0,ipv6
33891,20495,0,ipv6
33891,58717,0,ipv6
33891,267613,0,ipv6
33891,9583,0,ipv6
33891,132602,0,ipv6
33891,13786,0,ipv6
33891,28917,0,ipv6
33891,35598,0,ipv6
33891,37100,0,ipv6
33891,15830,0,ipv6
33891,6461,0,ipv6
33891,7713,0,ipv6
33891,4766,0,ipv6
33891,15412,0,ipv6
4826,64049,0,ipv6
4826,58717,0,ipv6
4826,57304,0,ipv6
4826,9583,0,ipv6
4826,267613,0,ipv6
4826,132602,0,ipv6
4826,13786,0,ipv6
4826,7713,0,ipv6
4826,6461,0,ipv6
4826,15412,0,ipv6
4826,4766,0,ipv6
4826,2497,0,ipv6
4826,264409,0,ipv6
4826,6453,0,ipv6
4826,9304,0,ipv6
4826,37468,0,ipv6
4826,7545,0,ipv6
4826,262589,0,ipv6
4826,4455,0,ipv6
1273,20485,0,ipv6
1273,4637,0,ipv6
1273,12956,0,ipv6
1273,15412,0,ipv6
1273,7922,0,ipv6
1273,4766,0,ipv6
1273,6461,0,ipv6
1273,7843,0,ipv6
1273,6453,0,ipv6
1273,3320,0,ipv6
1273,5511,0,ipv6
1273,2497,0,ipv6
1273,6939,0,ipv6
1273,58453,0,ipv6
1273,6762,0,ipv6
1273,6830,0,ipv6
1273,8220,0,ipv6
4637,2497,0,ipv6
4637,6939,0,ipv6
4637,5405,0,ipv6
4637,6762,0,ipv6
4637,11164,0,ipv6
4637,8220,0,ipv6
4637,9304,0,ipv6
4637,7922,0,ipv6
4637,20764,0,ipv6
4637,5511,0,ipv6
4637,6453,0,ipv6
4637,37100,0,ipv6
4637,35598,0,ipv6
4637,31133,0,ipv6
4637,37468,0,ipv6
4637,58453,0,ipv6
4637,57304,0,ipv6
4637,7660,0,ipv6
4637,6830,0,ipv6
4637,4766,0,ipv6
4637,15412,0,ipv6
4637,12956,0,ipv6
4637,4455,0,ipv6
4637,7713,0,ipv6
4637,3320,0,ipv6
4637,3216,0,ipv6
22356,6939,0,ipv6
22356,5405,0,ipv6
22356,61832,0,ipv6
22356,9498,0,ipv6
22356,9304,0,ipv6
22356,20764,0,ipv6
22356,64049,0,ipv6
22356,37100,0,ipv6
22356,35598,0,ipv6
22356,28917,0,ipv6
22356,13786,0,ipv6
22356,4230,0,ipv6
22356,37468,0,ipv6
22356,58453,0,ipv6
22356,267613,0,ipv6
22356,61568,0,ipv6
22356,20485,0,ipv6
22356,4455,0,ipv6
22356,26615,0,ipv6
22356,6461,0,ipv6
22356,7713,0,ipv6
22356,15830,0,ipv6
22356,3216,0,ipv6
267613,20485,0,ipv6
267613,3216,0,ipv6
267613,14840,0,ipv6
267613,31133,0,ipv6
267613,37468,0,ipv6
267613,58453,0,ipv6
267613,20764,0,ipv6
267613,264409,0,ipv6
267613,7713,0,ipv6
267613,37100,0,ipv6
267613,9583,0,ipv6
267613,6939,0,ipv6
267613,4455,0,ipv6
267613,262589,0,ipv6
267613,61568,0,ipv6
267613,16735,0,ipv6
267613,8220,0,ipv6
267613,52468,0,ipv6
267613,15830,0,ipv6
267613,35598,0,ipv6
267613,13786,0,ipv6
267613,28917,0,ipv6
267613,64049,0,ipv6
267613,5405,0,ipv6
267613,9498,0,ipv6
37468,264409,0,ipv6
37468,20764,0,ipv6
37468,31133,0,ipv6
37468,14840,0,ipv6
37468,58453,0,ipv6
37468,7545,0,ipv6
37468,20485,0,ipv6
37468,3216,0,ipv6
37468,6939,0,ipv6
37468,58717,0,ipv6
37468,37100,0,ipv6
37468,132602,0,ipv6
37468,9583,0,ipv6
37468,29076,0,ipv6
37468,7713,0,ipv6
37468,2497,0,ipv6
37468,16735,0,ipv6
37468,8220,0,ipv6
37468,9304,0,ipv6
37468,9121,0,ipv6
37468,26615,0,ipv6
37468,4455,0,ipv6
37468,5405,0,ipv6
37468,9498,0,ipv6
37468,20495,0,ipv6
37468,64049,0,ipv6
37468,35598,0,ipv6
37468,28917,0,ipv6
37468,13786,0,ipv6
37468,57304,0,ipv6
37468,52468,0,ipv6
37468,15412,0,ipv6
37468,4766,0,ipv6
37468,6461,0,ipv6
37468,15830,0,ipv6
20495,6830,0,ipv6
20495,61568,0,ipv6
20495,9498,0,ipv6
20495,28917,0,ipv6
20495,31133,0,ipv6
20495,5405,0,ipv6
20495,6939,0,ipv6
20495,37100,0,ipv6
20495,35598,0,ipv6
20495,15830,0,ipv6
20495,3216,0,ipv6
20495,7713,0,ipv6
20495,6461,0,ipv6
20495,15412,0,ipv6
20495,4455,0,ipv6
20495,20764,0,ipv6
20495,20485,0,ipv6
6830,15830,0,ipv6
6830,7843,0,ipv6
6830,7922,0,ipv6
6830,15412,0,ipv6
6830,4766,0,ipv6
6830,8220,0,ipv6
6830,57304,0,ipv6
6830,6939,0,ipv6
6830,2497,0,ipv6
20485,9121,0,ipv6
20485,58453,0,ipv6
20485,31133,0,ipv6
20485,14840,0,ipv6
20485,3216,0,ipv6
20485,4455,0,ipv6
20485,61832,0,ipv6
20485,2497,0,ipv6
20485,57304,0,ipv6
20485,28917,0,ipv6
20485,35598,0,ipv6
20485,37100,0,ipv6
20485,15830,0,ipv6
20485,7713,0,ipv6
20485,6461,0,ipv6
20485,15412,0,ipv6
20485,4766,0,ipv6
20485,9498,0,ipv6
20485,5405,0,ipv6
20485,6939,0,ipv6
20485,12389,0,ipv6
20485,64049,0,ipv6
20485,58717,0,ipv6
15412,8220,0,ipv6
15412,11164,0,ipv6
15412,12389,0,ipv6
15412,5405,0,ipv6
15412,2497,0,ipv6
15412,64049,0,ipv6
15412,6453,0,ipv6
15412,58453,0,ipv6
15412,3216,0,ipv6
15412,3320,0,ipv6
15412,15830,0,ipv6
15412,6461,0,ipv6
15412,4766,0,ipv6
15412,4455,0,ipv6
4766,20764,0,ipv6
4766,7922,0,ipv6
4766,6762,0,ipv6
4766,2497,0,ipv6
4766,12389,0,ipv6
4766,6461,0,ipv6
4766,3216,0,ipv6
4766,3320,0,ipv6
4766,58453,0,ipv6
4766,31133,0,ipv6
4766,13786,0,ipv6
3549,6762,0,ipv6
3549,10429,0,ipv6
262589,37100,0,ipv6
262589,35598,0,ipv6
262589,16735,0,ipv6
262589,6939,0,ipv6
262589,13786,0,ipv6
262589,28917,0,ipv6
262589,5405,0,ipv6
262589,58453,0,ipv6
262589,10429,0,ipv6
262589,61568,0,ipv6
262589,8220,0,ipv6
262589,3356,0,ipv6
262589,20764,0,ipv6
262589,26615,0,ipv6
262589,4455,0,ipv6
262589,6461,0,ipv6
262589,7713,0,ipv6
262589,3216,0,ipv6
6453,2497,0,ipv6
6453,6939,0,ipv6
6453,7922,0,ipv6
6453,58453,0,ipv6
6453,57304,0,ipv6
2497,6461,0,ipv6
2497,7713,0,ipv6
2497,3320,0,ipv6
2497,1299,0,ipv6
2497,3216,0,ipv6
2497,9304,0,ipv6
2497,7018,0,ipv6
2497,58453,0,ipv6
2497,9498,0,ipv6
2497,9121,0,ipv6
2497,11164,0,ipv6
2497,8220,0,ipv6
2497,37100,0,ipv6
2497,12389,0,ipv6
2497,6939,0,ipv6
2497,16735,0,ipv6
61832,5405,0,ipv6
61832,28917,0,ipv6
61832,6939,0,ipv6
61832,37100,0,ipv6
61832,35598,0,ipv6
61832,61568,0,ipv6
61832,10429,0,ipv6
61832,4455,0,ipv6
61832,20764,0,ipv6
61832,26615,0,ipv6
61832,7713,0,ipv6
7843,12956,0,ipv6
7843,11164,0,ipv6
7843,8220,0,ipv6
7843,7922,0,ipv6
7843,7018,0,ipv6
7843,9304,0,ipv6
7843,6461,0,ipv6
7843,58453,0,ipv6
264409,9304,0,ipv6
264409,4455,0,ipv6
264409,20764,0,ipv6
264409,7713,0,ipv6
264409,3216,0,ipv6
264409,35598,0,ipv6
264409,37100,0,ipv6
264409,6939,0,ipv6
264409,16735,0,ipv6
264409,5405,0,ipv6
264409,58453,0,ipv6
264409,61568,0,ipv6
6461,3216,0,ipv6
6461,31133,0,ipv6
6461,58453,0,ipv6
6461,6939,0,ipv6
6461,29076,0,ipv6
6461,7713,0,ipv6
6461,37100,0,ipv6
6461,9304,0,ipv6
6461,8220,0,ipv6
6461,4455,0,ipv6
6461,61568,0,ipv6
6461,9121,0,ipv6
6461,7922,0,ipv6
6461,5405,0,ipv6
6461,11164,0,ipv6
6461,28917,0,ipv6
57304,58453,0,ipv6
57304,4230,0,ipv6
57304,13786,0,ipv6
57304,132602,0,ipv6
57304,12956,0,ipv6
57304,9498,0,ipv6
57304,6762,0,ipv6
57304,64049,0,ipv6
57304,5511,0,ipv6
57304,9304,0,ipv6
4455,9121,0,ipv6
4455,61568,0,ipv6
4455,8220,0,ipv6
4455,9304,0,ipv6
4455,35598,0,ipv6
4455,13786,0,ipv6
4455,28917,0,ipv6
4455,15830,0,ipv6
4455,9498,0,ipv6
4455,5405,0,ipv6
4455,64049,0,ipv6
4455,58453,0,ipv6
4455,14840,0,ipv6
4455,3216,0,ipv6
4455,20764,0,ipv6
4455,37100,0,ipv6
4455,7713,0,ipv6
4455,29076,0,ipv6
4455,6939,0,ipv6
4455,58717,0,ipv6
7713,8220,0,ipv6
7713,9304,0,ipv6
7713,9121,0,ipv6
7713,9498,0,ipv6
7713,5405,0,ipv6
7713,64049,0,ipv6
7713,35598,0,ipv6
7713,28917,0,ipv6
7713,15830,0,ipv6
7713,20764,0,ipv6
7713,58453,0,ipv6
7713,7545,0,ipv6
7713,31133,0,ipv6
7713,14840,0,ipv6
7713,3216,0,ipv6
7713,6939,0,ipv6
7713,5511,0,ipv6
7713,58717,0,ipv6
7713,9583,0,ipv6
7713,37100,0,ipv6
7713,132602,0,ipv6
7713,29076,0,ipv6
3356,26615,0,ipv6
3356,10429,0,ipv6
3356,9498,0,ipv6
3356,7474,0,ipv6
3356,7545,0,ipv6
34984,9121,0,ipv6
3320,8220,0,ipv6
3320,6939,0,ipv6
3320,7922,0,ipv6
3320,4230,0,ipv6
13786,52468,0,ipv6
13786,15830,0,ipv6
13786,14840,0,ipv6
13786,58453,0,ipv6
13786,61568,0,ipv6
13786,9304,0,ipv6
13786,64049,0,ipv6
13786,16735,0,ipv6
13786,6939,0,ipv6
13786,9498,0,ipv6
13786,8220,0,ipv6
8220,9304,0,ipv6
8220,16735,0,ipv6
8220,3216,0,ipv6
8220,9121,0,ipv6
8220,58453,0,ipv6
8220,31133,0,ipv6
8220,64049,0,ipv6
8220,5511,0,ipv6
8220,58717,0,ipv6
8220,9498,0,ipv6
8220,5405,0,ipv6
8220,6939,0,ipv6
8220,12389,0,ipv6
8220,15830,0,ipv6
8220,9583,0,ipv6
8220,7660,0,ipv6
8220,37100,0,ipv6
1299,7922,0,ipv6
64049,61568,0,ipv6
64049,3216,0,ipv6
64049,9583,0,ipv6
64049,9304,0,ipv6
64049,35598,0,ipv6
64049,37100,0,ipv6
64049,6939,0,ipv6
64049,20764,0,ipv6
64049,5405,0,ipv6
7922,174,0,ipv6
7922,9304,0,ipv6
7922,6939,0,ipv6
7922,12956,0,ipv6
7922,7018,0,ipv6
7922,6762,0,ipv6
7922,11164,0,ipv6
28917,14840,0,ipv6
28917,31133,0,ipv6
28917,58453,0,ipv6
28917,61568,0,ipv6
28917,9304,0,ipv6
28917,20764,0,ipv6
28917,29076,0,ipv6
28917,15830,0,ipv6
28917,37100,0,ipv6
28917,35598,0,ipv6
28917,58717,0,ipv6
28917,12389,0,ipv6
28917,6939,0,ipv6
28917,5405,0,ipv6
28917,9498,0,ipv6
4230,10429,0,ipv6
4230,6939,0,ipv6
4230,16735,0,ipv6
4230,15830,0,ipv6
4230,26615,0,ipv6
7545,6939,0,ipv6
7545,7660,0,ipv6
7545,9304,0,ipv6
53062,26615,0,ipv6
53062,6939,0,ipv6
53062,61568,0,ipv6
6762,6939,0,ipv6
35598,14840,0,ipv6
35598,58453,0,ipv6
35598,20764,0,ipv6
35598,37100,0,ipv6
35598,9583,0,ipv6
35598,29076,0,ipv6
35598,58717,0,ipv6
35598,9121,0,ipv6
35598,61568,0,ipv6
35598,9304,0,ipv6
35598,15830,0,ipv6
35598,5405,0,ipv6
35598,9498,0,ipv6
9121,20764,0,ipv6
9121,6939,0,ipv6
9121,31133,0,ipv6
9121,5405,0,ipv6
37100,20764,0,ipv6
37100,31133,0,ipv6
37100,14840,0,ipv6
37100,58453,0,ipv6
37100,3216,0,ipv6
37100,6939,0,ipv6
37100,58717,0,ipv6
37100,9583,0,ipv6
37100,29076,0,ipv6
37100,9304,0,ipv6
37100,61568,0,ipv6
37100,5405,0,ipv6
37100,9498,0,ipv6
37100,15830,0,ipv6
7660,9304,0,ipv6
7660,15830,0,ipv6
7660,6939,0,ipv6
7660,58453,0,ipv6
31133,58453,0,ipv6
31133,61568,0,ipv6
31133,29076,0,ipv6
31133,3216,0,ipv6
31133,9498,0,ipv6
31133,12389,0,ipv6
31133,6939,0,ipv6
31133,5405,0,ipv6
31133,20764,0,ipv6
7018,6939,0,ipv6
58453,5405,0,ipv6
58453,16735,0,ipv6
58453,6939,0,ipv6
58453,9498,0,ipv6
58453,9304,0,ipv6
58453,20764,0,ipv6
58453,14840,0,ipv6
58453,9583,0,ipv6
58453,61568,0,ipv6
58453,52468,0,ipv6
58453,12956,0,ipv6
58453,3216,0,ipv6
58453,15830,0,ipv6
15830,61568,0,ipv6
15830,52468,0,ipv6
15830,3216,0,ipv6
15830,16735,0,ipv6
15830,6939,0,ipv6
15830,5405,0,ipv6
15830,20764,0,ipv6
15830,9304,0,ipv6
9304,16735,0,ipv6
9304,20764,0,ipv6
9304,14840,0,ipv6
9304,61568,0,ipv6
9304,3216,0,ipv6
9304,6939,0,ipv6
9304,5405,0,ipv6
9304,58717,0,ipv6
9304,132602,0,ipv6
9304,9583,0,ipv6
132602,9498,0,ipv6
9583,20764,0,ipv6
9583,3216,0,ipv6
9583,5405,0,ipv6
9583,6939,0,ipv6
9583,61568,0,ipv6
3216,6939,0,ipv6
3216,20764,0,ipv6
3216,5405,0,ipv6
3216,12389,0,ipv6
3216,9498,0,ipv6
3216,61568,0,ipv6
5405,29076,0,ipv6
5405,58717,0,ipv6
5405,6939,0,ipv6
5405,14840,0,ipv6
5405,20764,0,ipv6
5405,9498,0,ipv6
5405,61568,0,ipv6
10429,26615,0,ipv6
10429,16735,0,ipv6
61568,6939,0,ipv6
61568,20764,0,ipv6
61568,14840,0,ipv6
61568,9498,0,ipv6
61568,52468,0,ipv6
61568,16735,0,ipv6
61568,26615,0,ipv6
29076,20764,0,ipv6
29076,6939,0,ipv6
52468,16735,0,ipv6
52468,6939,0,ipv6
58717,20764,0,ipv6
11164,6939,0,ipv6
9498,6939,0,ipv6
9498,4755,0,ipv6
9498,20764,0,ipv6
9498,16735,0,ipv6
16735,26615,0,ipv6
16735,6939,0,ipv6
26615,6939,0,ipv6
5511,6939,0,ipv6
6939,12956,0,ipv6
6939,14840,0,ipv6
14840,20764,0,ipv6
174,701,0,ipv6
174,1273,0,ipv6
174,1299,0,ipv6
174,2497,-1,ipv6
174,2914,0,ipv6
174,3216,-1,ipv6
174,3257,0,ipv6
174,3303,-1,ipv6
174,3320,0,ipv6
174,3356,0,ipv6
174,3491,0,ipv6
174,4230,-1,ipv6
174,4766,-1,ipv6
174,5511,0,ipv6
174,6453,0,ipv6
174,6461,0,ipv6
174,6762,0,ipv6
174,6830,0,ipv6
174,7018,0,ipv6
174,7195,-1,ipv6
174,7545,-1,ipv6
174,7713,-1,ipv6
174,7922,0,ipv6
174,8529,-1,ipv6
174,9304,-1,ipv6
174,9498,-1,ipv6
174,9583,-1,ipv6
174,12389,-1,ipv6
174,12741,-1,ipv6
174,12956,0,ipv6
174,13335,-1,ipv6
174,13786,-1,ipv6
174,14840,-1,ipv6
174,15412,-1,ipv6
174,15830,-1,ipv6
174,16735,-1,ipv6
174,20485,-1,ipv6
174,20495,-1,ipv6
174,20764,-1,ipv6
174,23520,-1,ipv6
174,23764,-1,ipv6
174,31133,-1,ipv6
174,35598,-1,ipv6
174,37100,-1,ipv6
174,37468,-1,ipv6
174,52320,-1,ipv6
174,52468,-1,ipv6
174,53013,-1,ipv6
174,58453,-1,ipv6
174,58717,-1,ipv6
174,262589,-1,ipv6
701,1273,0,ipv6
701,1299,0,ipv6
701,2497,0,ipv6
701,2914,0,ipv6
701,3257,0,ipv6
701,3320,0,ipv6
701,3491,0,ipv6
701,4230,0,ipv6
701,4637,0,ipv6
701,4766,0,ipv6
701,5511,0,ipv6
701,6453,0,ipv6
701,6461,0,ipv6
701,6762,0,ipv6
701,6830,0,ipv6
701,6939,0,ipv6
701,7018,0,ipv6
701,7843,0,ipv6
701,7922,0,ipv6
701,12956,0,ipv6
701,13335,0,ipv6
1031,4230,0,ipv6
1031,4455,0,ipv6
1031,4826,0,ipv6
1031,5405,0,ipv6
1031,6461,0,ipv6
1031,6939,0,ipv6
1031,7195,0,ipv6
1031,8359,0,ipv6
1031,8529,0,ipv6
1031,9002,0,ipv6
1031,9304,0,ipv6
1031,9498,0,ipv6
1031,10429,0,ipv6
1031,12741,0,ipv6
1031,13335,0,ipv6
1031,13786,0,ipv6
1031,15830,0,ipv6
1031,20764,0,ipv6
1031,23764,0,ipv6
1031,24482,0,ipv6
1031,31500,0,ipv6
1031,32787,0,ipv6
1031,33891,0,ipv6
1031,37100,0,ipv6
1031,37468,0,ipv6
1031,52320,0,ipv6
1221,3356,0,ipv6
1221,7474,0,ipv6
1221,13335,0,ipv6
1221,15830,0,ipv6
1221,32787,0,ipv6
1273,1299,0,ipv6
1273,2497,0,ipv6
1273,2914,0,ipv6
1273,3216,-1,ipv6
1273,3257,0,ipv6
1273,3303,0,ipv6
1273,3320,0,ipv6
1273,3491,0,ipv6
1273,4637,0,ipv6
1273,5511,0,ipv6
1273,6453,0,ipv6
1273,6461,0,ipv6
1273,6762,0,ipv6
1273,6830,0,ipv6
1273,6939,0,ipv6
1273,7473,0,ipv6
1273,7843,0,ipv6
1273,7922,0,ipv6
1273,8220,0,ipv6
1273,9002,0,ipv6
1273,9304,0,ipv6
1273,12389,0,ipv6
1273,12956,0,ipv6
1273,13335,0,ipv6
1273,31500,-1,ipv6
1273,32787,0,ipv6
1273,33891,0,ipv6
1273,41095,0,ipv6
1273,58453,0,ipv6
1299,2497,0,ipv6
1299,2914,0,ipv6
1299,3216,-1,ipv6
1299,3223,-1,ipv6
1299,3257,0,ipv6
1299,3320,0,ipv6
1299,3491,0,ipv6
1299,4230,0,ipv6
1299,4455,-1,ipv6
1299,4637,0,ipv6
1299,4766,-1,ipv6
1299,4826,-1,ipv6
1299,5405,-1,ipv6
1299,5511,0,ipv6
1299,6453,0,ipv6
1299,6461,0,ipv6
1299,6762,0,ipv6
1299,6830,0,ipv6
1299,6939,0,ipv6
1299,7018,0,ipv6
1299,7195,-1,ipv6
1299,7473,-1,ipv6
1299,7545,-1,ipv6
1299,7713,-1,ipv6
1299,7843,-1,ipv6
1299,7922,0,ipv6
1299,8220,-1,ipv6
1299,8359,-1,ipv6
1299,9002,0,ipv6
1299,9049,-1,ipv6
1299,9121,-1,ipv6
1299,9498,-1,ipv6
1299,9583,-1,ipv6
1299,12389,-1,ipv6
1299,12956,0,ipv6
1299,13335,-1,ipv6
1299,14840,0,ipv6
1299,15412,-1,ipv6
1299,15830,-1,ipv6
1299,20485,-1,ipv6
1299,23520,-1,ipv6
1299,23764,-1,ipv6
1299,29076,0,ipv6
1299,31133,-1,ipv6
1299,32787,-1,ipv6
1299,33891,-1,ipv6
1299,35598,-1,ipv6
1299,37100,0,ipv6
1299,37468,0,ipv6
1299,46887,-1,ipv6
1299,52320,-1,ipv6
1299,52468,-1,ipv6
1299,58453,0,ipv6
1299,262589,-1,ipv6
2497,3216,0,ipv6
2497,3257,0,ipv6
2497,3303,0,ipv6
2497,3320,0,ipv6
2497,3491,0,ipv6
2497,4637,0,ipv6
2497,4766,0,ipv6
2497,4826,0,ipv6
2497,5511,0,ipv6
2497,6453,0,ipv6
2497,6461,0,ipv6
2497,6830,0,ipv6
2497,6939,0,ipv6
2497,7018,0,ipv6
2497,7473,0,ipv6
2497,7713,0,ipv6
2497,8220,0,ipv6
2497,8359,0,ipv6
2497,8529,0,ipv6
2497,9121,0,ipv6
2497,9304,0,ipv6
2497,9498,0,ipv6
2497,11164,0,ipv6
2497,12389,0,ipv6
2497,13335,0,ipv6
2497,15412,0,ipv6
2497,15830,0,ipv6
2497,16735,0,ipv6
2497,20485,0,ipv6
2497,37100,0,ipv6
2497,37468,0,ipv6
2497,41095,0,ipv6
2497,58453,0,ipv6
2914,2497,-1,ipv6
2914,3223,-1,ipv6
2914,3257,0,ipv6
2914,3303,0,ipv6
2914,3320,0,ipv6
2914,3491,0,ipv6
2914,4637,0,ipv6
2914,4766,0,ipv6
2914,5405,-1,ipv6
2914,5511,0,ipv6
2914,6453,0,ipv6
2914,6461,0,ipv6
2914,6762,0,ipv6
2914,6830,0,ipv6
2914,6939,0,ipv6
2914,7018,0,ipv6
2914,7473,0,ipv6
2914,7713,0,ipv6
2914,7922,0,ipv6
2914,8220,-1,ipv6
2914,9121,-1,ipv6
2914,9304,-1,ipv6
2914,9498,-1,ipv6
2914,9583,-1,ipv6
2914,12956,0,ipv6
2914,13335,-1,ipv6
2914,13786,-1,ipv6
2914,15412,-1,ipv6
2914,15830,-1,ipv6
2914,23764,-1,ipv6
2914,24482,-1,ipv6
2914,32787,-1,ipv6
2914,37100,0,ipv6
2914,37468,-1,ipv6
2914,52320,-1,ipv6
2914,58453,0,ipv6
2914,58717,-1,ipv6
2914,132602,-1,ipv6
3216,4455,0,ipv6
3216,6461,0,ipv6
3216,7713,0,ipv6
3216,8359,0,ipv6
3216,9002,0,ipv6
3216,9121,0,ipv6
3216,9304,0,ipv6
3216,13335,0,ipv6
3216,20485,0,ipv6
3216,24482,0,ipv6
3216,31133,0,ipv6
3216,33891,0,ipv6
3216,37100,0,ipv6
3216,37468,0,ipv6
3216,50509,-1,ipv6
3216,52320,0,ipv6
3223,4455,0,ipv6
3223,4637,0,ipv6
3223,4826,0,ipv6
3223,5405,0,ipv6
3223,8220,0,ipv6
3223,9002,0,ipv6
3223,9304,0,ipv6
3223,24482,0,ipv6
3223,33891,0,ipv6
3223,37100,0,ipv6
3223,37468,0,ipv6
3223,52320,0,ipv6
3257,3303,0,ipv6
3257,3320,0,ipv6
3257,3491,0,ipv6
3257,4230,-1,ipv6
3257,4637,0,ipv6
3257,4766,0,ipv6
3257,4826,-1,ipv6
3257,5405,-1,ipv6
3257,5511,0,ipv6
3257,6453,0,ipv6
3257,6461,0,ipv6
3257,6762,0,ipv6
3257,6830,0,ipv6
3257,6939,0,ipv6
3257,7018,0,ipv6
3257,7195,-1,ipv6
3257,7843,-1,ipv6
3257,7922,0,ipv6
3257,9002,0,ipv6
3257,9304,-1,ipv6
3257,9498,-1,ipv6
3257,12389,-1,ipv6
3257,12956,0,ipv6
3257,13335,-1,ipv6
3257,15830,-1,ipv6
3257,23764,0,ipv6
3257,28917,-1,ipv6
3257,33891,-1,ipv6
3257,34984,-1,ipv6
3257,37100,0,ipv6
3257,37468,-1,ipv6
3257,46887,-1,ipv6
3257,57304,0,ipv6
3257,58453,0,ipv6
3303,3320,0,ipv6
3303,3491,0,ipv6
3303,4230,0,ipv6
3303,4637,0,ipv6
3303,4766,0,ipv6
3303,4826,0,ipv6
3303,5405,0,ipv6
3303,6453,0,ipv6
3303,6461,0,ipv6
3303,6762,0,ipv6
3303,6830,0,ipv6
3303,6939,0,ipv6
3303,7195,0,ipv6
3303,7473,0,ipv6
3303,7545,0,ipv6
3303,7660,0,ipv6
3303,7713,0,ipv6
3303,7738,0,ipv6
3303,8220,0,ipv6
3303,8359,0,ipv6
3303,8529,0,ipv6
3303,9002,0,ipv6
3303,9304,0,ipv6
3303,9498,0,ipv6
3303,11164,0,ipv6
3303,12389,0,ipv6
3303,12741,0,ipv6
3303,12956,0,ipv6
3303,13786,0,ipv6
3303,14840,0,ipv6
3303,15412,0,ipv6
3303,16735,0,ipv6
3303,20485,0,ipv6
3303,20764,0,ipv6
3303,22356,0,ipv6
3303,23520,0,ipv6
3303,23764,0,ipv6
3303,24482,0,ipv6
3303,28917,0,ipv6
3303,32787,0,ipv6
3303,35598,0,ipv6
3303,37100,0,ipv6
3303,37468,0,ipv6
3303,41095,0,ipv6
3303,52320,0,ipv6
3303,58453,0,ipv6
3303,262589,0,ipv6
3320,3491,0,ipv6
3320,4637,0,ipv6
3320,4766,0,ipv6
3320,5405,-1,ipv6
3320,5511,0,ipv6
3320,6453,0,ipv6
3320,6461,0,ipv6
3320,6762,0,ipv6
3320,6830,0,ipv6
3320,6939,0,ipv6
3320,7018,0,ipv6
3320,7922,0,ipv6
3320,8220,0,ipv6
3320,8529,-1,ipv6
3320,9002,0,ipv6
3320,9121,-1,ipv6
3320,9583,-1,ipv6
3320,12956,0,ipv6
3320,15412,0,ipv6
3320,23764,0,ipv6
3320,32787,-1,ipv6
3320,33891,0,ipv6
3356,209,-1,ipv6
3356,701,-1,ipv6
3356,1273,-1,ipv6
3356,1299,-1,ipv6
3356,2497,-1,ipv6
3356,2914,-1,ipv6
3356,3216,-1,ipv6
3356,3223,-1,ipv6
3356,3257,-1,ipv6
3356,3303,-1,ipv6
3356,3320,-1,ipv6
3356,3491,-1,ipv6
3356,3549,-1,ipv6
3356,4230,-1,ipv6
3356,4637,-1,ipv6
3356,4766,-1,ipv6
3356,4826,-1,ipv6
3356,5511,-1,ipv6
3356,6453,-1,ipv6
3356,6461,-1,ipv6
3356,6762,-1,ipv6
3356,6830,-1,ipv6
3356,6939,0,ipv6
3356,7018,-1,ipv6
3356,7195,-1,ipv6
3356,7473,0,ipv6
3356,7474,0,ipv6
3356,7545,-1,ipv6
3356,7713,-1,ipv6
3356,7738,0,ipv6
3356,7843,-1,ipv6
3356,7922,-1,ipv6
3356,8220,-1,ipv6
3356,8359,-1,ipv6
3356,9002,0,ipv6
3356,9121,-1,ipv6
3356,9498,0,ipv6
3356,10429,0,ipv6
3356,12741,0,ipv6
3356,12956,-1,ipv6
3356,13335,-1,ipv6
3356,13786,-1,ipv6
3356,14840,-1,ipv6
3356,15830,-1,ipv6
3356,16735,-1,ipv6
3356,20764,0,ipv6
3356,23764,-1,ipv6
3356,26615,0,ipv6
3356,31500,-1,ipv6
3356,32787,-1,ipv6
3356,33891,-1,ipv6
3356,34984,-1,ipv6
3356,37100,0,ipv6
3356,37468,-1,ipv6
3356,41095,-1,ipv6
3356,46887,-1,ipv6
3356,52320,0,ipv6
3356,52468,-1,ipv6
3356,53013,-1,ipv6
3356,53062,-1,ipv6
3356,57304,0,ipv6
3356,58453,-1,ipv6
3491,4637,0,ipv6
3491,4766,0,ipv6
3491,4826,0,ipv6
3491,5511,0,ipv6
3491,6453,0,ipv6
3491,6461,0,ipv6
3491,6762,0,ipv6
3491,6830,0,ipv6
3491,6939,0,ipv6
3491,7018,0,ipv6
3491,7473,0,ipv6
3491,7843,0,ipv6
3491,7922,-1,ipv6
3491,8220,0,ipv6
3491,11164,0,ipv6
3491,12389,-1,ipv6
3491,12956,0,ipv6
3491,13335,-1,ipv6
3491,15412,0,ipv6
3491,15830,-1,ipv6
3491,20485,0,ipv6
3491,22356,0,ipv6
3491,23764,0,ipv6
3491,24482,0,ipv6
3491,32787,-1,ipv6
3491,37468,0,ipv6
3491,41095,-1,ipv6
3491,58453,0,ipv6
3491,328578,-1,ipv6
3549,15830,0,ipv6
3549,52468,0,ipv6
4230,6762,0,ipv6
4230,7195,0,ipv6
4230,7738,0,ipv6
4230,8359,0,ipv6
4230,9002,0,ipv6
4230,10429,0,ipv6
4230,15830,0,ipv6
4230,16735,0,ipv6
4230,22356,0,ipv6
4230,24482,0,ipv6
4230,26615,0,ipv6
4230,32787,0,ipv6
4230,33891,0,ipv6
4455,4826,0,ipv6
4455,5405,0,ipv6
4455,6453,0,ipv6
4455,6461,0,ipv6
4455,7195,0,ipv6
4455,7713,0,ipv6
4455,8220,0,ipv6
4455,8359,0,ipv6
4455,8529,0,ipv6
4455,9002,0,ipv6
4455,9304,0,ipv6
4455,9498,0,ipv6
4455,9583,0,ipv6
4455,12741,0,ipv6
4455,13335,0,ipv6
4455,13786,0,ipv6
4455,14840,0,ipv6
4455,15830,0,ipv6
4455,20485,0,ipv6
4455,20495,0,ipv6
4455,20764,0,ipv6
4455,22356,0,ipv6
4455,23764,0,ipv6
4455,24482,0,ipv6
4455,28917,0,ipv6
4455,31133,0,ipv6
4455,31500,0,ipv6
4455,32787,0,ipv6
4455,33891,0,ipv6
4455,35598,0,ipv6
4455,37100,0,ipv6
4455,37468,0,ipv6
4455,52320,0,ipv6
4455,57304,0,ipv6
4455,58453,0,ipv6
4637,1221,-1,ipv6
4637,4766,0,ipv6
4637,4826,0,ipv6
4637,5511,0,ipv6
4637,6453,0,ipv6
4637,6461,0,ipv6
4637,6762,0,ipv6
4637,6830,0,ipv6
4637,6939,0,ipv6
4637,7660,0,ipv6
4637,7713,0,ipv6
4637,7922,0,ipv6
4637,8220,0,ipv6
4637,8359,0,ipv6
4637,8529,-1,ipv6
4637,9002,0,ipv6
4637,9304,0,ipv6
4637,9498,-1,ipv6
4637,11164,0,ipv6
4637,12956,0,ipv6
4637,13335,-1,ipv6
4637,15412,0,ipv6
4637,15830,-1,ipv6
4637,23764,0,ipv6
4637,24482,0,ipv6
4637,31133,0,ipv6
4637,31500,0,ipv6
4637,32787,-1,ipv6
4637,33891,0,ipv6
4637,37468,0,ipv6
4637,41095,0,ipv6
4637,58453,0,ipv6
4755,9498,0,ipv6
4755,9583,0,ipv6
4755,13335,0,ipv6
4755,15830,0,ipv6
4755,32787,0,ipv6
4755,55836,0,ipv6
4766,6762,0,ipv6
4766,6830,0,ipv6
4766,9002,0,ipv6
4766,13786,0,ipv6
4766,15412,0,ipv6
4766,20485,0,ipv6
4766,20764,0,ipv6
4766,28917,0,ipv6
4766,33891,0,ipv6
4766,37468,0,ipv6
4766,52320,0,ipv6
4826,1221,-1,ipv6
4826,6453,0,ipv6
4826,6461,0,ipv6
4826,6939,0,ipv6
4826,7195,0,ipv6
4826,7713,0,ipv6
4826,8220,0,ipv6
4826,9002,0,ipv6
4826,9304,0,ipv6
4826,9498,0,ipv6
4826,9583,0,ipv6
4826,13335,0,ipv6
4826,13786,0,ipv6
4826,15412,0,ipv6
4826,15830,0,ipv6
4826,23764,0,ipv6
4826,24482,0,ipv6
4826,32787,-1,ipv6
4826,33891,0,ipv6
4826,37468,0,ipv6
4826,52320,0,ipv6
4826,58453,0,ipv6
4826,58717,0,ipv6
4826,132602,0,ipv6
4826,262589,0,ipv6
5405,6461,0,ipv6
5405,7195,0,ipv6
5405,7713,0,ipv6
5405,8220,0,ipv6
5405,8359,0,ipv6
5405,8529,0,ipv6
5405,9002,0,ipv6
5405,9121,0,ipv6
5405,9498,0,ipv6
5405,9583,0,ipv6
5405,12741,0,ipv6
5405,13335,0,ipv6
5405,14840,0,ipv6
5405,15412,0,ipv6
5405,15830,0,ipv6
5405,20485,0,ipv6
5405,20495,0,ipv6
5405,20764,0,ipv6
5405,22356,0,ipv6
5405,23764,0,ipv6
5405,24482,0,ipv6
5405,28917,0,ipv6
5405,29076,0,ipv6
5405,31133,0,ipv6
5405,31500,0,ipv6
5405,32787,0,ipv6
5405,35598,0,ipv6
5405,37100,0,ipv6
5405,37468,0,ipv6
5405,50509,0,ipv6
5405,52320,0,ipv6
5405,58453,0,ipv6
5405,58717,0,ipv6
5405,262589,0,ipv6
5511,6453,0,ipv6
5511,6461,0,ipv6
5511,6762,0,ipv6
5511,6830,0,ipv6
5511,6939,0,ipv6
5511,7018,0,ipv6
5511,7922,-1,ipv6
5511,8220,0,ipv6
5511,9002,0,ipv6
5511,9304,0,ipv6
5511,12389,0,ipv6
5511,12956,-1,ipv6
5511,13335,-1,ipv6
5511,32787,-1,ipv6
5511,52468,-1,ipv6
5511,132602,-1,ipv6
6453,1031,-1,ipv6
6453,3216,-1,ipv6
6453,4230,-1,ipv6
6453,4755,-1,ipv6
6453,6461,0,ipv6
6453,6762,0,ipv6
6453,6830,0,ipv6
6453,6939,0,ipv6
6453,7018,0,ipv6
6453,7473,-1,ipv6
6453,7545,-1,ipv6
6453,7713,-1,ipv6
6453,7922,-1,ipv6
6453,8220,0,ipv6
6453,8529,-1,ipv6
6453,9002,0,ipv6
6453,9304,-1,ipv6
6453,9498,-1,ipv6
6453,9583,-1,ipv6
6453,12956,0,ipv6
6453,13335,-1,ipv6
6453,15412,0,ipv6
6453,22356,-1,ipv6
6453,23764,-1,ipv6
6453,24482,-1,ipv6
6453,32787,-1,ipv6
6453,34984,-1,ipv6
6453,37100,0,ipv6
6453,37468,0,ipv6
6453,53013,-1,ipv6
6453,58453,0,ipv6
6453,58717,-1,ipv6
6461,6762,0,ipv6
6461,6830,0,ipv6
6461,6939,0,ipv6
6461,7018,0,ipv6
6461,7473,-1,ipv6
6461,7713,0,ipv6
6461,7843,0,ipv6
6461,7922,0,ipv6
6461,8220,0,ipv6
6461,8359,0,ipv6
6461,8529,0,ipv6
6461,9002,0,ipv6
6461,9304,0,ipv6
6461,9498,-1,ipv6
6461,11164,0,ipv6
6461,12741,0,ipv6
6461,12956,0,ipv6
6461,13335,0,ipv6
6461,15412,0,ipv6
6461,20485,0,ipv6
6461,20495,0,ipv6
6461,22356,0,ipv6
6461,23764,0,ipv6
6461,24482,0,ipv6
6461,28917,0,ipv6
6461,29076,0,ipv6
6461,31133,0,ipv6
6461,31500,0,ipv6
6461,32787,-1,ipv6
6461,33891,0,ipv6
6461,37100,0,ipv6
6461,37468,0,ipv6
6461,41095,0,ipv6
6461,46887,-1,ipv6
6461,52320,-1,ipv6
6461,57304,0,ipv6
6461,58453,0,ipv6
6762,3216,-1,ipv6
6762,3223,-1,ipv6
6762,6830,0,ipv6
6762,6939,0,ipv6
6762,7018,0,ipv6
6762,7473,0,ipv6
6762,7713,-1,ipv6
6762,7922,0,ipv6
6762,8529,-1,ipv6
6762,9002,0,ipv6
6762,9304,-1,ipv6
6762,9498,-1,ipv6
6762,12389,-1,ipv6
6762,12956,0,ipv6
6762,13335,-1,ipv6
6762,14840,-1,ipv6
6762,15412,-1,ipv6
6762,15830,-1,ipv6
6762,16735,-1,ipv6
6762,23764,-1,ipv6
6762,26615,-1,ipv6
6762,31133,-1,ipv6
6762,31500,-1,ipv6
6762,32787,-1,ipv6
6762,34984,-1,ipv6
6762,37100,0,ipv6
6762,41095,-1,ipv6
6762,50509,-1,ipv6
6762,52468,-1,ipv6
6762,53013,-1,ipv6
6762,57304,0,ipv6
6762,58717,-1,ipv6
6762,262589,-1,ipv6
6830,6939,0,ipv6
6830,7018,0,ipv6
6830,7195,0,ipv6
6830,7843,0,ipv6
6830,7922,0,ipv6
6830,8220,0,ipv6
6830,9002,0,ipv6
6830,12956,0,ipv6
6830,13335,0,ipv6
6830,15830,0,ipv6
6830,20495,0,ipv6
6830,23520,-1,ipv6
6830,32787,0,ipv6
6830,33891,0,ipv6
6830,41095,0,ipv6
6939,3216,-1,ipv6
6939,3223,-1,ipv6
6939,4230,-1,ipv6
6939,4455,-1,ipv6
6939,4766,-1,ipv6
6939,5405,-1,ipv6
6939,7018,0,ipv6
6939,7195,-1,ipv6
6939,7473,0,ipv6
6939,7545,-1,ipv6
6939,7660,0,ipv6
6939,7713,0,ipv6
6939,7843,-1,ipv6
6939,7922,-1,ipv6
6939,8220,0,ipv6
6939,8359,0,ipv6
6939,8529,-1,ipv6
6939,9002,0,ipv6
6939,9049,-1,ipv6
6939,9121,-1,ipv6
6939,9304,0,ipv6
6939,9498,-1,ipv6
6939,9583,-1,ipv6
6939,11164,0,ipv6
6939,12389,0,ipv6
6939,12741,-1,ipv6
6939,12956,0,ipv6
6939,13335,-1,ipv6
6939,13786,0,ipv6
6939,14840,-1,ipv6
6939,15412,0,ipv6
6939,15830,-1,ipv6
6939,16735,0,ipv6
6939,20485,0,ipv6
6939,20495,-1,ipv6
6939,20764,0,ipv6
6939,22356,-1,ipv6
6939,23520,0,ipv6
6939,23764,-1,ipv6
6939,24482,0,ipv6
6939,28917,0,ipv6
6939,29076,-1,ipv6
6939,31133,0,ipv6
6939,31500,-1,ipv6
6939,32787,-1,ipv6
6939,33891,-1,ipv6
6939,35598,0,ipv6
6939,37100,0,ipv6
6939,37468,-1,ipv6
6939,41095,-1,ipv6
6939,50509,-1,ipv6
6939,52320,0,ipv6
6939,52468,-1,ipv6
6939,53013,-1,ipv6
6939,53062,-1,ipv6
6939,58453,-1,ipv6
6939,58717,-1,ipv6
6939,132602,-1,ipv6
6939,262589,-1,ipv6
6939,328578,-1,ipv6
7018,7843,0,ipv6
7018,7922,0,ipv6
7018,12956,0,ipv6
7018,13335,0,ipv6
7018,32787,0,ipv6
7195,7713,0,ipv6
7195,8220,0,ipv6
7195,8359,0,ipv6
7195,9002,0,ipv6
7195,9049,0,ipv6
7195,9498,0,ipv6
7195,10429,0,ipv6
7195,12389,0,ipv6
7195,13335,0,ipv6
7195,13786,-1,ipv6
7195,14840,0,ipv6
7195,15830,0,ipv6
7195,16735,0,ipv6
7195,20764,0,ipv6
7195,22356,0,ipv6
7195,24482,0,ipv6
7195,26615,0,ipv6
7195,28917,0,ipv6
7195,31133,0,ipv6
7195,31500,0,ipv6
7195,33891,0,ipv6
7195,35598,0,ipv6
7195,37100,0,ipv6
7195,50509,0,ipv6
7195,52320,0,ipv6
7195,52468,-1,ipv6
7195,53013,0,ipv6
7195,53062,-1,ipv6
7195,58453,0,ipv6
7195,262589,0,ipv6
7473,7660,0,ipv6
7473,7713,0,ipv6
7473,7922,-1,ipv6
7473,8359,0,ipv6
7473,9002,0,ipv6
7473,9304,0,ipv6
7473,9498,0,ipv6
7473,9583,-1,ipv6
7473,12389,0,ipv6
7473,13335,0,ipv6
7473,15412,0,ipv6
7473,23764,0,ipv6
7473,32787,0,ipv6
7473,33891,0,ipv6
7473,58717,-1,ipv6
7474,7473,-1,ipv6
7474,15830,0,ipv6
7474,32787,0,ipv6
7545,7660,0,ipv6
7545,7713,0,ipv6
7545,8220,0,ipv6
7545,8359,0,ipv6
7545,9002,0,ipv6
7545,9304,0,ipv6
7545,9583,0,ipv6
7545,13335,0,ipv6
7545,24482,0,ipv6
7545,37468,0,ipv6
7660,7713,0,ipv6
7660,8220,0,ipv6
7660,8359,0,ipv6
7660,9002,0,ipv6
7660,9304,0,ipv6
7660,13335,0,ipv6
7660,15412,0,ipv6
7660,15830,0,ipv6
7660,23764,0,ipv6
7660,24482,0,ipv6
7660,32787,0,ipv6
7660,41095,0,ipv6
7713,8220,0,ipv6
7713,8359,0,ipv6
7713,8529,0,ipv6
7713,9002,0,ipv6
7713,9121,0,ipv6
7713,9304,0,ipv6
7713,9498,0,ipv6
7713,9583,0,ipv6
7713,12389,0,ipv6
7713,12741,0,ipv6
7713,13335,0,ipv6
7713,13786,0,ipv6
7713,14840,0,ipv6
7713,15412,0,ipv6
7713,15830,0,ipv6
7713,20485,0,ipv6
7713,20764,0,ipv6
7713,22356,0,ipv6
7713,23764,0,ipv6
7713,24482,0,ipv6
7713,28917,0,ipv6
7713,29076,0,ipv6
7713,31133,0,ipv6
7713,31500,0,ipv6
7713,32787,0,ipv6
7713,33891,0,ipv6
7713,35598,0,ipv6
7713,37100,0,ipv6
7713,37468,0,ipv6
7713,41095,0,ipv6
7713,52320,0,ipv6
7713,58453,0,ipv6
7713,58717,0,ipv6
7713,132602,0,ipv6
7738,7843,-1,ipv6
7738,10429,0,ipv6
7738,15830,0,ipv6
7738,16735,0,ipv6
7738,26615,-1,ipv6
7738,41095,0,ipv6
7843,7922,0,ipv6
7843,8220,0,ipv6
7843,9304,0,ipv6
7843,12956,0,ipv6
7843,52320,0,ipv6
7843,58453,0,ipv6
7922,3223,-1,ipv6
7922,11164,0,ipv6
7922,12956,0,ipv6
7922,13335,0,ipv6
8220,7473,-1,ipv6
8220,8359,0,ipv6
8220,8529,0,ipv6
8220,9002,0,ipv6
8220,9121,0,ipv6
8220,9304,0,ipv6
8220,9498,0,ipv6
8220,9583,0,ipv6
8220,12389,0,ipv6
8220,13335,0,ipv6
8220,13786,0,ipv6
8220,15412,0,ipv6
8220,15830,0,ipv6
8220,16735,0,ipv6
8220,23764,0,ipv6
8220,24482,0,ipv6
8220,31133,0,ipv6
8220,32787,0,ipv6
8220,33891,0,ipv6
8220,37100,0,ipv6
8220,37468,0,ipv6
8220,41095,0,ipv6
8220,52320,0,ipv6
8220,58453,0,ipv6
8220,262589,0,ipv6
8359,9002,0,ipv6
8359,9121,0,ipv6
8359,9304,0,ipv6
8359,9498,0,ipv6
8359,13335,0,ipv6
8359,13786,0,ipv6
8359,15830,0,ipv6
8359,16735,0,ipv6
8359,20485,0,ipv6
8359,20495,0,ipv6
8359,20764,0,ipv6
8359,24482,0,ipv6
8359,28917,0,ipv6
8359,29076,-1,ipv6
8359,31133,0,ipv6
8359,31500,0,ipv6
8359,33891,0,ipv6
8359,35598,0,ipv6
8359,37100,0,ipv6
8359,37468,0,ipv6
8359,41095,0,ipv6
8359,52320,0,ipv6
8359,57304,0,ipv6
8359,58453,0,ipv6
8529,9002,0,ipv6
8529,9304,0,ipv6
8529,13335,0,ipv6
8529,20485,0,ipv6
8529,20764,0,ipv6
8529,24482,0,ipv6
8529,28917,0,ipv6
8529,37100,0,ipv6
8529,37468,0,ipv6
8529,52320,0,ipv6
9002,9049,-1,ipv6
9002,9121,0,ipv6
9002,9304,0,ipv6
9002,9498,0,ipv6
9002,9583,0,ipv6
9002,12389,0,ipv6
9002,12741,0,ipv6
9002,12956,0,ipv6
9002,13335,0,ipv6
9002,13786,0,ipv6
9002,14840,0,ipv6
9002,15412,0,ipv6
9002,15830,0,ipv6
9002,20485,0,ipv6
9002,20764,0,ipv6
9002,22356,0,ipv6
9002,23764,0,ipv6
9002,24482,0,ipv6
9002,28917,0,ipv6
9002,29076,0,ipv6
9002,31133,0,ipv6
9002,31500,0,ipv6
9002,32787,0,ipv6
9002,35598,0,ipv6
9002,37100,0,ipv6
9002,37468,0,ipv6
9002,41095,0,ipv6
9002,52320,0,ipv6
9002,57304,-1,ipv6
9002,58453,0,ipv6
9002,58717,0,ipv6
9002,132602,-1,ipv6
9002,262589,0,ipv6
9049,13335,0,ipv6
9049,20764,0,ipv6
9049,24482,0,ipv6
9049,28917,0,ipv6
9049,35598,0,ipv6
9121,12389,0,ipv6
9121,20485,0,ipv6
9121,20764,0,ipv6
9121,23764,0,ipv6
9121,28917,0,ipv6
9121,33891,0,ipv6
9121,35598,0,ipv6
9121,37468,0,ipv6
9121,52320,0,ipv6
9304,9583,0,ipv6
9304,13335,0,ipv6
9304,13786,0,ipv6
9304,15412,0,ipv6
9304,15830,0,ipv6
9304,16735,0,ipv6
9304,20764,0,ipv6
9304,22356,0,ipv6
9304,23764,0,ipv6
9304,24482,0,ipv6
9304,32787,0,ipv6
9304,33891,0,ipv6
9304,35598,0,ipv6
9304,37100,0,ipv6
9304,37468,0,ipv6
9304,41095,0,ipv6
9304,52320,0,ipv6
9304,58453,0,ipv6
9304,58717,0,ipv6
9304,132602,0,ipv6
9498,9304,-1,ipv6
9498,13335,-1,ipv6
9498,13786,0,ipv6
9498,15412,0,ipv6
9498,15830,-1,ipv6
9498,20764,0,ipv6
9498,24482,0,ipv6
9498,28917,0,ipv6
9498,31133,0,ipv6
9498,32787,-1,ipv6
9498,33891,0,ipv6
9498,35598,0,ipv6
9498,37100,0,ipv6
9498,37468,0,ipv6
9498,52320,0,ipv6
9498,58453,0,ipv6
9498,58717,-1,ipv6
9583,13335,0,ipv6
9583,20764,0,ipv6
9583,24482,0,ipv6
9583,28917,0,ipv6
9583,33891,0,ipv6
9583,35598,0,ipv6
9583,37100,0,ipv6
9583,37468,0,ipv6
9583,52320,0,ipv6
10429,13335,0,ipv6
10429,16735,0,ipv6
10429,22356,0,ipv6
10429,26615,0,ipv6
10429,52320,0,ipv6
10429,52468,0,ipv6
11164,15412,0,ipv6
11537,7660,-1,ipv6
12389,3216,-1,ipv6
12389,9049,-1,ipv6
12389,13335,0,ipv6
12389,15412,0,ipv6
12389,20485,0,ipv6
12389,20764,0,ipv6
12389,24482,0,ipv6
12389,28917,0,ipv6
12389,29076,-1,ipv6
12389,31133,-1,ipv6
12389,31500,-1,ipv6
12389,33891,0,ipv6
12389,35598,0,ipv6
12741,20764,0,ipv6
12741,24482,0,ipv6
12741,28917,0,ipv6
12741,35598,0,ipv6
12741,37100,0,ipv6
12741,37468,0,ipv6
12741,52320,0,ipv6
12956,10429,-1,ipv6
12956,13335,0,ipv6
12956,15830,0,ipv6
12956,23764,0,ipv6
12956,32787,0,ipv6
12956,37468,0,ipv6
12956,52468,-1,ipv6
12956,262589,-1,ipv6
13335,13786,0,ipv6
13335,14840,0,ipv6
13335,15412,0,ipv6
13335,20485,0,ipv6
13335,23764,0,ipv6
13335,24482,0,ipv6
13335,28917,0,ipv6
13335,33891,0,ipv6
13335,35598,0,ipv6
13335,41095,0,ipv6
13335,52320,0,ipv6
13335,52468,0,ipv6
13335,53062,0,ipv6
13335,58453,0,ipv6
13335,58717,0,ipv6
13335,132602,0,ipv6
13335,262589,0,ipv6
13335,328578,0,ipv6
13786,15830,0,ipv6
13786,16735,0,ipv6
13786,22356,0,ipv6
13786,24482,0,ipv6
13786,32787,0,ipv6
13786,33891,0,ipv6
13786,37468,0,ipv6
13786,41095,0,ipv6
13786,52320,0,ipv6
13786,52468,0,ipv6
13786,58453,0,ipv6
13786,262589,0,ipv6
14840,1031,-1,ipv6
14840,16735,0,ipv6
14840,20764,0,ipv6
14840,24482,0,ipv6
14840,28917,0,ipv6
14840,35598,0,ipv6
14840,37100,0,ipv6
14840,37468,0,ipv6
14840,52320,0,ipv6
15412,15830,0,ipv6
15412,24482,0,ipv6
15412,32787,0,ipv6
15412,37100,0,ipv6
15412,37468,0,ipv6
15412,41095,0,ipv6
15830,16735,0,ipv6
15830,20495,0,ipv6
15830,20764,0,ipv6
15830,24482,0,ipv6
15830,28917,0,ipv6
15830,33891,0,ipv6
15830,34984,0,ipv6
15830,35598,0,ipv6
15830,37100,0,ipv6
15830,37468,0,ipv6
15830,52320,0,ipv6
16735,13335,-1,ipv6
16735,22356,0,ipv6
16735,23520,0,ipv6
16735,24482,0,ipv6
16735,26615,0,ipv6
16735,32787,0,ipv6
16735,37468,0,ipv6
16735,41095,0,ipv6
16735,52320,0,ipv6
16735,52468,0,ipv6
16735,53013,-1,ipv6
16735,58453,0,ipv6
16735,262589,0,ipv6
20485,9049,-1,ipv6
20485,20495,0,ipv6
20485,24482,0,ipv6
20485,31133,0,ipv6
20485,32787,0,ipv6
20485,33891,0,ipv6
20485,35598,0,ipv6
20485,37100,0,ipv6
20485,37468,0,ipv6
20485,52320,0,ipv6
20495,3223,-1,ipv6
20495,20764,0,ipv6
20495,23764,0,ipv6
20495,24482,0,ipv6
20495,28917,0,ipv6
20495,35598,0,ipv6
20495,37100,0,ipv6
20495,37468,0,ipv6
20495,52320,0,ipv6
20764,13335,-1,ipv6
20764,22356,0,ipv6
20764,23764,0,ipv6
20764,24482,0,ipv6
20764,28917,0,ipv6
20764,31133,0,ipv6
20764,31500,0,ipv6
20764,32787,0,ipv6
20764,33891,0,ipv6
20764,35598,0,ipv6
20764,37100,0,ipv6
20764,37468,0,ipv6
20764,50509,0,ipv6
20764,52320,0,ipv6
20764,58453,0,ipv6
20764,262589,0,ipv6
22356,1031,-1,ipv6
22356,24482,0,ipv6
22356,28917,0,ipv6
22356,35598,0,ipv6
22356,37100,0,ipv6
22356,37468,0,ipv6
22356,41095,0,ipv6
22356,52320,0,ipv6
22356,52468,-1,ipv6
23520,52320,0,ipv6
23520,52468,0,ipv6
23764,12389,-1,ipv6
23764,24482,0,ipv6
23764,26615,0,ipv6
23764,28917,0,ipv6
23764,31133,-1,ipv6
23764,35598,0,ipv6
23764,37100,0,ipv6
23764,37468,0,ipv6
23764,41095,0,ipv6
23764,52320,0,ipv6
23764,58453,0,ipv6
23764,132602,0,ipv6
24482,28917,0,ipv6
24482,29076,0,ipv6
24482,31133,0,ipv6
24482,31500,0,ipv6
24482,32787,0,ipv6
24482,33891,0,ipv6
24482,35598,0,ipv6
24482,37100,0,ipv6
24482,37468,0,ipv6
24482,41095,0,ipv6
24482,50509,0,ipv6
24482,52320,0,ipv6
24482,52468,0,ipv6
24482,53013,0,ipv6
24482,53062,0,ipv6
24482,58453,0,ipv6
24482,58717,0,ipv6
24482,132602,0,ipv6
24482,262589,0,ipv6
26615,53062,0,ipv6
28917,29076,0,ipv6
28917,31133,0,ipv6
28917,31500,0,ipv6
28917,33891,0,ipv6
28917,35598,0,ipv6
28917,37100,0,ipv6
28917,37468,0,ipv6
28917,41095,0,ipv6
28917,50509,0,ipv6
28917,52320,0,ipv6
28917,58453,0,ipv6
28917,58717,0,ipv6
28917,262589,0,ipv6
29076,35598,0,ipv6
29076,37100,0,ipv6
29076,37468,0,ipv6
29076,52320,0,ipv6
31133,29076,-1,ipv6
31133,31500,-1,ipv6
31133,33891,0,ipv6
31133,35598,-1,ipv6
31133,37100,0,ipv6
31133,58453,0,ipv6
31500,37100,0,ipv6
31500,37468,0,ipv6
31500,52320,0,ipv6
32787,35598,0,ipv6
32787,37100,0,ipv6
32787,37468,0,ipv6
32787,52320,0,ipv6
33891,32787,-1,ipv6
33891,37100,0,ipv6
33891,37468,0,ipv6
33891,41095,0,ipv6
33891,52320,0,ipv6
33891,58453,0,ipv6
33891,132602,0,ipv6
35598,37100,0,ipv6
35598,37468,0,ipv6
35598,50509,0,ipv6
35598,52320,0,ipv6
35598,58453,0,ipv6
37100,13335,-1,ipv6
37100,37468,0,ipv6
37100,41095,0,ipv6
37100,52320,0,ipv6
37100,57304,0,ipv6
37100,58453,0,ipv6
37100,58717,0,ipv6
37100,262589,0,ipv6
37468,13335,-1,ipv6
37468,41095,0,ipv6
37468,52320,0,ipv6
37468,52468,0,ipv6
37468,53062,-1,ipv6
37468,57304,0,ipv6
37468,58453,0,ipv6
37468,58717,0,ipv6
37468,132602,0,ipv6
37468,262589,-1,ipv6
41095,52320,0,ipv6
52320,7738,-1,ipv6
52320,52468,-1,ipv6
52320,53013,0,ipv6
52320,53062,0,ipv6
52320,58453,0,ipv6
52320,58717,0,ipv6
52320,262589,0,ipv6
52468,53013,0,ipv6
52468,53062,0,ipv6
57304,1031,-1,ipv6
57304,1273,-1,ipv6
57304,3216,-1,ipv6
57304,4637,-1,ipv6
57304,4826,-1,ipv6
57304,5511,-1,ipv6
57304,6453,-1,ipv6
57304,6830,-1,ipv6
57304,7473,-1,ipv6
57304,7713,-1,ipv6
57304,9121,-1,ipv6
57304,9304,-1,ipv6
57304,9498,-1,ipv6
57304,12956,-1,ipv6
57304,13335,-1,ipv6
57304,13786,-1,ipv6
57304,20485,-1,ipv6
57304,32787,-1,ipv6
57304,52320,-1,ipv6
57304,58453,-1,ipv6
58453,8529,-1,ipv6
262589,53062,-1,ipv6
